-- phpMyAdmin SQL Dump
-- version 5.2.0
-- https://www.phpmyadmin.net/
--
-- Gép: 127.0.0.1
-- Létrehozás ideje: 2023. Máj 03. 22:00
-- Kiszolgáló verziója: 10.4.24-MariaDB
-- PHP verzió: 8.1.6

SET SQL_MODE = "NO_AUTO_VALUE_ON_ZERO";
START TRANSACTION;
SET time_zone = "+00:00";


/*!40101 SET @OLD_CHARACTER_SET_CLIENT=@@CHARACTER_SET_CLIENT */;
/*!40101 SET @OLD_CHARACTER_SET_RESULTS=@@CHARACTER_SET_RESULTS */;
/*!40101 SET @OLD_COLLATION_CONNECTION=@@COLLATION_CONNECTION */;
/*!40101 SET NAMES utf8mb4 */;

--
-- Adatbázis: `tanar_kereso`
--

-- --------------------------------------------------------

--
-- Tábla szerkezet ehhez a táblához `contact_details`
--

CREATE TABLE `contact_details` (
  `id` bigint(20) UNSIGNED NOT NULL,
  `contact_detail` varchar(400) NOT NULL,
  `is_public` tinyint(1) NOT NULL,
  `contact_type_id` bigint(20) UNSIGNED NOT NULL,
  `user_id` bigint(20) UNSIGNED NOT NULL,
  `created_at` timestamp NULL DEFAULT NULL,
  `updated_at` timestamp NULL DEFAULT NULL
) ENGINE=InnoDB DEFAULT CHARSET=utf8mb4;

-- --------------------------------------------------------

--
-- Tábla szerkezet ehhez a táblához `contact_types`
--

CREATE TABLE `contact_types` (
  `id` bigint(20) UNSIGNED NOT NULL,
  `contact_type` varchar(20) NOT NULL,
  `created_at` timestamp NULL DEFAULT NULL,
  `updated_at` timestamp NULL DEFAULT NULL
) ENGINE=InnoDB DEFAULT CHARSET=utf8mb4;

--
-- A tábla adatainak kiíratása `contact_types`
--

INSERT INTO `contact_types` (`id`, `contact_type`, `created_at`, `updated_at`) VALUES
(1, 'telefonszám', NULL, NULL),
(2, 'cím', NULL, NULL),
(3, 'email cím', NULL, NULL);

-- --------------------------------------------------------

--
-- Tábla szerkezet ehhez a táblához `counties`
--

CREATE TABLE `counties` (
  `id` bigint(20) UNSIGNED NOT NULL,
  `county` varchar(50) NOT NULL,
  `created_at` timestamp NULL DEFAULT NULL,
  `updated_at` timestamp NULL DEFAULT NULL
) ENGINE=InnoDB DEFAULT CHARSET=utf8mb4;

--
-- A tábla adatainak kiíratása `counties`
--

INSERT INTO `counties` (`id`, `county`, `created_at`, `updated_at`) VALUES
(1, 'Bács-Kiskun vármegye', NULL, NULL),
(2, 'Baranya vármegye', NULL, NULL),
(3, 'Békés vármegye', NULL, NULL),
(4, 'Borsod-Abaúj-Zemplén vármegye', NULL, NULL),
(5, 'Budapest', NULL, NULL),
(6, 'Csongrád vármegye', NULL, NULL),
(7, 'Fejér vármegye', NULL, NULL),
(8, 'Győr-Moson-Sopron vármegye', NULL, NULL),
(9, 'Hajdú-Bihar vármegye', NULL, NULL),
(10, 'Heves vármegye', NULL, NULL),
(11, 'Jász-Nagykun-Szolnok vármegye', NULL, NULL),
(12, 'Komárom-Esztergom vármegye', NULL, NULL),
(13, 'Nógrád vármegye', NULL, NULL),
(14, 'Pest vármegye', NULL, NULL),
(15, 'Somogy vármegye', NULL, NULL),
(16, 'Szabolcs-Szatmár-Bereg vármegye', NULL, NULL),
(17, 'Tolna vármegye', NULL, NULL),
(18, 'Vas vármegye', NULL, NULL),
(19, 'Veszprém vármegye', NULL, NULL),
(20, 'Zala vármegye', NULL, NULL);

-- --------------------------------------------------------

--
-- Tábla szerkezet ehhez a táblához `failed_jobs`
--

CREATE TABLE `failed_jobs` (
  `id` bigint(20) UNSIGNED NOT NULL,
  `uuid` varchar(255) NOT NULL,
  `connection` text NOT NULL,
  `queue` text NOT NULL,
  `payload` longtext NOT NULL,
  `exception` longtext NOT NULL,
  `failed_at` timestamp NOT NULL DEFAULT current_timestamp()
) ENGINE=InnoDB DEFAULT CHARSET=utf8mb4;

-- --------------------------------------------------------

--
-- Tábla szerkezet ehhez a táblához `forum_posts`
--

CREATE TABLE `forum_posts` (
  `id` bigint(20) UNSIGNED NOT NULL,
  `sn_number` bigint(20) NOT NULL,
  `post` text NOT NULL,
  `answer_to` bigint(20) DEFAULT NULL,
  `topic_id` bigint(20) UNSIGNED NOT NULL,
  `user_id` bigint(20) UNSIGNED NOT NULL,
  `created_at` timestamp NULL DEFAULT NULL,
  `updated_at` timestamp NULL DEFAULT NULL
) ENGINE=InnoDB DEFAULT CHARSET=utf8mb4;

--
-- A tábla adatainak kiíratása `forum_posts`
--

INSERT INTO `forum_posts` (`id`, `sn_number`, `post`, `answer_to`, `topic_id`, `user_id`, `created_at`, `updated_at`) VALUES
(1, 1, '<p>Pitagorasz a2+b2=c2</p>', NULL, 1, 6, '2023-05-01 12:55:34', '2023-05-01 12:55:34'),
(2, 2, '<p>Igen &iacute;gy van</p>', 1, 1, 6, '2023-05-01 12:56:28', '2023-05-01 12:56:28'),
(3, 1, '<p>A <strong>szinuszt&eacute;tel</strong> seg&iacute;ts&eacute;g&eacute;vel a h&aacute;romsz&ouml;g h&aacute;rom f&uuml;ggetlen adat&aacute;b&oacute;l &ndash; k&eacute;t oldala &eacute;s az azokkal szemben fekvő sz&ouml;gei k&ouml;z&uuml;l &ndash; meghat&aacute;rozhatjuk a hi&aacute;nyz&oacute; negyediket.</p>', NULL, 2, 6, '2023-05-01 18:28:27', '2023-05-01 18:28:27'),
(4, 2, '<p>K&ouml;sz&ouml;n&ouml;m a seg&iacute;ts&eacute;get. :)</p>', 3, 2, 6, '2023-05-01 18:32:51', '2023-05-01 18:32:51'),
(5, 3, '<p>A szinuszt&eacute;tel egy geometriai t&eacute;tel, miszerint egy tetszőleges h&aacute;romsz&ouml;g oldalainak ar&aacute;nya megegyezik a szemk&ouml;zti sz&ouml;gek szinuszainak ar&aacute;ny&aacute;val. Teh&aacute;t vagy A szinuszt&eacute;tellel ekvivalens az az &aacute;ll&iacute;t&aacute;s, miszerint b&aacute;rmely hegyessz&ouml;gű h&aacute;romsz&ouml;gben egy sz&ouml;g szinusz&aacute;nak &eacute;s a sz&ouml;ggel szemk&ouml;zti oldal ar&aacute;nya &aacute;lland&oacute;.&nbsp;<a href=\"https://hu.wikipedia.org/wiki/Szinuszt%C3%A9tel\">Wikip&eacute;dia</a></p>', 3, 2, 6, '2023-05-01 18:35:00', '2023-05-01 18:35:00'),
(6, 3, '<p>k&ouml;sz&ouml;n&ouml;m</p>', 1, 1, 9, '2023-05-02 09:54:42', '2023-05-02 09:54:42'),
(7, 1, '<p>Seg&iacute;ts&eacute;get szeretn&eacute;k k&eacute;rni. Tudja valaki hogy hol lehet kapni kidolgozott t&eacute;teleket?</p>', NULL, 3, 9, '2023-05-02 09:58:21', '2023-05-02 09:58:21');

-- --------------------------------------------------------

--
-- Tábla szerkezet ehhez a táblához `forum_topics`
--

CREATE TABLE `forum_topics` (
  `id` bigint(20) UNSIGNED NOT NULL,
  `title` varchar(400) NOT NULL,
  `user_id` bigint(20) UNSIGNED NOT NULL,
  `created_at` timestamp NULL DEFAULT NULL,
  `updated_at` timestamp NULL DEFAULT NULL
) ENGINE=InnoDB DEFAULT CHARSET=utf8mb4;

--
-- A tábla adatainak kiíratása `forum_topics`
--

INSERT INTO `forum_topics` (`id`, `title`, `user_id`, `created_at`, `updated_at`) VALUES
(1, 'Pitagorasz tétel. Tudja valaki hogy kell számolni?', 6, '2023-05-01 12:54:48', '2023-05-01 12:54:48'),
(2, 'Sinus tétel', 6, '2023-05-01 18:25:58', '2023-05-01 18:25:58'),
(3, 'érettségi tételek', 9, '2023-05-02 09:57:46', '2023-05-02 09:57:46'),
(4, 'cosinus', 6, '2023-05-03 14:46:40', '2023-05-03 14:46:40');

-- --------------------------------------------------------

--
-- Tábla szerkezet ehhez a táblához `grades`
--

CREATE TABLE `grades` (
  `id` bigint(20) UNSIGNED NOT NULL,
  `grade` varchar(40) NOT NULL,
  `created_at` timestamp NULL DEFAULT NULL,
  `updated_at` timestamp NULL DEFAULT NULL
) ENGINE=InnoDB DEFAULT CHARSET=utf8mb4;

--
-- A tábla adatainak kiíratása `grades`
--

INSERT INTO `grades` (`id`, `grade`, `created_at`, `updated_at`) VALUES
(1, 'Általános iskola (1-4. évfolyam)', NULL, NULL),
(2, 'Általános iskola (5-8. évfolyam)', NULL, NULL),
(3, 'Gimnázium (négyosztályos)', NULL, NULL),
(4, 'Gimnázium (hatosztályos)', NULL, NULL),
(5, 'Gimnázium (nyolcosztályos)', NULL, NULL),
(6, 'Szakközépiskolák', NULL, NULL),
(7, 'Szakiskolák', NULL, NULL),
(8, 'Idegen nyelv', NULL, NULL),
(9, 'Felsőoktatás', NULL, NULL);

-- --------------------------------------------------------

--
-- Tábla szerkezet ehhez a táblához `grade_subject`
--

CREATE TABLE `grade_subject` (
  `id` bigint(20) UNSIGNED NOT NULL,
  `grade_id` bigint(20) UNSIGNED NOT NULL,
  `subject_id` bigint(20) UNSIGNED NOT NULL,
  `created_at` timestamp NULL DEFAULT NULL,
  `updated_at` timestamp NULL DEFAULT NULL
) ENGINE=InnoDB DEFAULT CHARSET=utf8mb4;

--
-- A tábla adatainak kiíratása `grade_subject`
--

INSERT INTO `grade_subject` (`id`, `grade_id`, `subject_id`, `created_at`, `updated_at`) VALUES
(1, 2, 1, NULL, NULL),
(2, 3, 1, NULL, NULL),
(3, 4, 1, NULL, NULL),
(4, 5, 1, NULL, NULL),
(5, 6, 1, NULL, NULL),
(6, 1, 2, NULL, NULL),
(7, 2, 2, NULL, NULL),
(8, 3, 2, NULL, NULL),
(9, 4, 2, NULL, NULL),
(10, 5, 2, NULL, NULL),
(11, 6, 2, NULL, NULL),
(12, 1, 3, NULL, NULL),
(13, 2, 3, NULL, NULL),
(14, 3, 3, NULL, NULL),
(15, 4, 3, NULL, NULL),
(16, 5, 3, NULL, NULL),
(17, 6, 3, NULL, NULL),
(18, 4, 4, NULL, NULL),
(19, 5, 4, NULL, NULL),
(20, 1, 5, NULL, NULL),
(21, 2, 5, NULL, NULL),
(22, 3, 6, NULL, NULL),
(23, 4, 6, NULL, NULL),
(24, 5, 6, NULL, NULL),
(25, 6, 6, NULL, NULL),
(26, 3, 7, NULL, NULL),
(27, 4, 7, NULL, NULL),
(28, 5, 7, NULL, NULL),
(29, 2, 8, NULL, NULL),
(30, 3, 8, NULL, NULL),
(31, 4, 8, NULL, NULL),
(32, 5, 8, NULL, NULL),
(33, 6, 8, NULL, NULL),
(34, 2, 9, NULL, NULL),
(35, 3, 9, NULL, NULL),
(36, 4, 9, NULL, NULL),
(37, 5, 9, NULL, NULL),
(38, 6, 9, NULL, NULL),
(39, 2, 10, NULL, NULL),
(40, 5, 10, NULL, NULL),
(41, 1, 11, NULL, NULL),
(42, 2, 11, NULL, NULL),
(43, 3, 11, NULL, NULL),
(44, 4, 11, NULL, NULL),
(45, 5, 11, NULL, NULL),
(46, 6, 11, NULL, NULL),
(47, 2, 12, NULL, NULL),
(48, 3, 12, NULL, NULL),
(49, 4, 12, NULL, NULL),
(50, 5, 12, NULL, NULL),
(51, 6, 12, NULL, NULL),
(52, 7, 13, NULL, NULL),
(53, 1, 14, NULL, NULL),
(54, 5, 15, NULL, NULL),
(55, 1, 16, NULL, NULL),
(56, 2, 16, NULL, NULL),
(57, 3, 16, NULL, NULL),
(58, 4, 16, NULL, NULL),
(59, 5, 16, NULL, NULL),
(60, 1, 17, NULL, NULL),
(61, 2, 17, NULL, NULL),
(62, 3, 17, NULL, NULL),
(63, 4, 17, NULL, NULL),
(64, 5, 17, NULL, NULL),
(65, 6, 17, NULL, NULL),
(66, 7, 17, NULL, NULL),
(67, 3, 18, NULL, NULL),
(68, 4, 18, NULL, NULL),
(69, 5, 18, NULL, NULL),
(70, 6, 18, NULL, NULL),
(71, 3, 19, NULL, NULL),
(72, 4, 19, NULL, NULL),
(73, 5, 19, NULL, NULL),
(74, 6, 19, NULL, NULL),
(75, 1, 20, NULL, NULL),
(76, 2, 20, NULL, NULL),
(77, 3, 20, NULL, NULL),
(78, 4, 20, NULL, NULL),
(79, 5, 20, NULL, NULL),
(80, 3, 21, NULL, NULL),
(81, 4, 21, NULL, NULL),
(82, 6, 21, NULL, NULL),
(83, 5, 22, NULL, NULL),
(84, 7, 23, NULL, NULL),
(85, 1, 24, NULL, NULL),
(86, 2, 24, NULL, NULL),
(87, 3, 24, NULL, NULL),
(88, 4, 24, NULL, NULL),
(89, 5, 24, NULL, NULL),
(90, 2, 25, NULL, NULL),
(91, 5, 25, NULL, NULL),
(92, 7, 25, NULL, NULL),
(93, 2, 26, NULL, NULL),
(94, 4, 26, NULL, NULL),
(95, 5, 26, NULL, NULL),
(96, 1, 27, NULL, NULL),
(97, 2, 27, NULL, NULL),
(98, 3, 27, NULL, NULL),
(99, 4, 27, NULL, NULL),
(100, 5, 27, NULL, NULL),
(101, 6, 27, NULL, NULL),
(102, 7, 27, NULL, NULL),
(103, 2, 28, NULL, NULL),
(104, 3, 28, NULL, NULL),
(105, 4, 28, NULL, NULL),
(106, 5, 28, NULL, NULL),
(107, 6, 28, NULL, NULL),
(108, 1, 29, NULL, NULL),
(109, 2, 29, NULL, NULL),
(110, 3, 29, NULL, NULL),
(111, 4, 29, NULL, NULL),
(112, 5, 29, NULL, NULL),
(113, 6, 29, NULL, NULL),
(114, 8, 30, NULL, NULL),
(115, 8, 31, NULL, NULL),
(116, 8, 32, NULL, NULL),
(117, 8, 33, NULL, NULL),
(118, 8, 34, NULL, NULL),
(119, 8, 35, NULL, NULL),
(120, 8, 36, NULL, NULL),
(121, 8, 37, NULL, NULL),
(122, 8, 38, NULL, NULL),
(123, 8, 39, NULL, NULL),
(124, 8, 40, NULL, NULL),
(125, 8, 41, NULL, NULL),
(126, 8, 42, NULL, NULL),
(127, 8, 43, NULL, NULL),
(128, 8, 44, NULL, NULL),
(129, 8, 45, NULL, NULL),
(130, 8, 46, NULL, NULL),
(131, 8, 47, NULL, NULL),
(132, 8, 48, NULL, NULL),
(133, 8, 49, NULL, NULL),
(134, 8, 50, NULL, NULL),
(135, 8, 51, NULL, NULL),
(136, 8, 52, NULL, NULL),
(137, 8, 53, NULL, NULL),
(138, 8, 54, NULL, NULL),
(139, 8, 55, NULL, NULL),
(140, 8, 56, NULL, NULL),
(141, 8, 57, NULL, NULL),
(142, 8, 58, NULL, NULL),
(143, 8, 59, NULL, NULL),
(144, 8, 60, NULL, NULL),
(145, 8, 61, NULL, NULL),
(146, 8, 62, NULL, NULL),
(147, 8, 63, NULL, NULL),
(148, 8, 64, NULL, NULL),
(149, 8, 65, NULL, NULL),
(150, 8, 66, NULL, NULL),
(151, 8, 67, NULL, NULL),
(152, 8, 68, NULL, NULL),
(153, 8, 69, NULL, NULL),
(154, 8, 70, NULL, NULL),
(155, 8, 71, NULL, NULL),
(156, 8, 72, NULL, NULL),
(157, 8, 73, NULL, NULL),
(158, 8, 74, NULL, NULL),
(159, 8, 75, NULL, NULL),
(160, 8, 76, NULL, NULL),
(161, 8, 77, NULL, NULL),
(162, 8, 78, NULL, NULL),
(163, 8, 79, NULL, NULL),
(164, 8, 80, NULL, NULL),
(165, 8, 81, NULL, NULL),
(166, 8, 82, NULL, NULL),
(167, 8, 83, NULL, NULL),
(168, 8, 84, NULL, NULL);

-- --------------------------------------------------------

--
-- Tábla szerkezet ehhez a táblához `grade_subject_teacher`
--

CREATE TABLE `grade_subject_teacher` (
  `id` bigint(20) UNSIGNED NOT NULL,
  `teacher_id` bigint(20) UNSIGNED NOT NULL,
  `grade_subject_id` bigint(20) UNSIGNED NOT NULL,
  `created_at` timestamp NULL DEFAULT NULL,
  `updated_at` timestamp NULL DEFAULT NULL
) ENGINE=InnoDB DEFAULT CHARSET=utf8mb4;

--
-- A tábla adatainak kiíratása `grade_subject_teacher`
--

INSERT INTO `grade_subject_teacher` (`id`, `teacher_id`, `grade_subject_id`, `created_at`, `updated_at`) VALUES
(1, 1, 61, '2023-04-28 08:22:46', '2023-05-01 09:01:37'),
(2, 1, 60, '2023-04-28 08:22:46', '2023-04-28 08:22:46'),
(3, 1, 42, '2023-04-28 08:22:46', '2023-04-28 08:22:46'),
(4, 1, 61, '2023-04-28 08:22:46', '2023-04-28 08:22:46'),
(5, 2, 7, '2023-04-30 07:38:06', '2023-04-30 07:38:06'),
(6, 3, 96, '2023-04-30 07:41:42', '2023-04-30 07:41:42'),
(7, 4, 41, '2023-04-30 08:35:51', '2023-04-30 08:35:51'),
(8, 5, 34, '2023-04-30 11:34:11', '2023-04-30 11:34:11'),
(9, 6, 1, '2023-05-01 16:49:47', '2023-05-01 16:49:47'),
(10, 6, 34, '2023-05-01 16:49:47', '2023-05-01 16:49:47'),
(11, 7, 55, '2023-05-01 17:30:23', '2023-05-01 17:30:23'),
(12, 7, 21, '2023-05-01 17:30:23', '2023-05-01 17:30:23');

-- --------------------------------------------------------

--
-- Tábla szerkezet ehhez a táblához `group_permissions`
--

CREATE TABLE `group_permissions` (
  `id` bigint(20) UNSIGNED NOT NULL,
  `user_group_id` bigint(20) UNSIGNED NOT NULL,
  `permission_id` bigint(20) UNSIGNED NOT NULL,
  `created_at` timestamp NULL DEFAULT NULL,
  `updated_at` timestamp NULL DEFAULT NULL
) ENGINE=InnoDB DEFAULT CHARSET=utf8mb4;

-- --------------------------------------------------------

--
-- Tábla szerkezet ehhez a táblához `lesson_types`
--

CREATE TABLE `lesson_types` (
  `id` bigint(20) UNSIGNED NOT NULL,
  `lesson_type` varchar(20) NOT NULL,
  `created_at` timestamp NULL DEFAULT NULL,
  `updated_at` timestamp NULL DEFAULT NULL
) ENGINE=InnoDB DEFAULT CHARSET=utf8mb4;

--
-- A tábla adatainak kiíratása `lesson_types`
--

INSERT INTO `lesson_types` (`id`, `lesson_type`, `created_at`, `updated_at`) VALUES
(1, 'online', NULL, NULL),
(2, 'saját címen', NULL, NULL),
(3, 'tanuló címén', NULL, NULL);

-- --------------------------------------------------------

--
-- Tábla szerkezet ehhez a táblához `lesson_type_teacher`
--

CREATE TABLE `lesson_type_teacher` (
  `id` bigint(20) UNSIGNED NOT NULL,
  `teacher_id` bigint(20) UNSIGNED NOT NULL,
  `lesson_type_id` bigint(20) UNSIGNED NOT NULL,
  `created_at` timestamp NULL DEFAULT NULL,
  `updated_at` timestamp NULL DEFAULT NULL
) ENGINE=InnoDB DEFAULT CHARSET=utf8mb4;

--
-- A tábla adatainak kiíratása `lesson_type_teacher`
--

INSERT INTO `lesson_type_teacher` (`id`, `teacher_id`, `lesson_type_id`, `created_at`, `updated_at`) VALUES
(1, 1, 1, '2023-04-28 08:22:45', '2023-04-28 08:22:45'),
(2, 1, 2, '2023-04-28 08:22:45', '2023-04-28 08:22:45'),
(3, 1, 3, '2023-04-28 08:22:45', '2023-04-28 08:22:45'),
(4, 2, 1, '2023-04-30 07:38:06', '2023-04-30 07:38:06'),
(5, 3, 2, '2023-04-30 07:41:42', '2023-04-30 07:41:42'),
(6, 4, 2, '2023-04-30 08:35:51', '2023-04-30 08:35:51'),
(7, 5, 3, '2023-04-30 11:34:11', '2023-04-30 11:34:11'),
(8, 6, 1, '2023-05-01 16:49:47', '2023-05-01 16:49:47'),
(9, 6, 3, '2023-05-01 16:49:47', '2023-05-01 16:49:47'),
(10, 7, 1, '2023-05-01 17:30:23', '2023-05-01 17:30:23');

-- --------------------------------------------------------

--
-- Tábla szerkezet ehhez a táblához `migrations`
--

CREATE TABLE `migrations` (
  `id` int(10) UNSIGNED NOT NULL,
  `migration` varchar(255) COLLATE utf8mb4_unicode_ci NOT NULL,
  `batch` int(11) NOT NULL
) ENGINE=InnoDB DEFAULT CHARSET=utf8mb4 COLLATE=utf8mb4_unicode_ci;

--
-- A tábla adatainak kiíratása `migrations`
--

INSERT INTO `migrations` (`id`, `migration`, `batch`) VALUES
(1, '2023_03_17_154815_create_user_groups_table', 1),
(2, '2023_03_17_154915_create_permissions_table', 1),
(3, '2023_03_17_155151_create_group_permissions_table', 1),
(4, '2023_03_17_155310_create_users_table', 1),
(5, '2023_03_17_155645_create_password_reset_tokens_table', 1),
(6, '2023_03_17_155913_create_failed_jobs_table', 1),
(7, '2023_03_17_155947_create_personal_access_tokens_table', 1),
(8, '2023_03_17_162902_create_qualifications_table', 1),
(9, '2023_03_17_164338_create_teachers_table', 1),
(10, '2023_03_17_181032_create_contact_types_table', 1),
(11, '2023_03_17_181417_create_contact_details_table', 1),
(12, '2023_03_17_185113_create_subjects_table', 1),
(13, '2023_03_17_185610_create_grades_table', 1),
(14, '2023_03_17_185751_create_grade_subject_table', 1),
(15, '2023_03_17_185829_create_grade_subject_teacher_table', 1),
(16, '2023_03_17_190742_create_forum_topics_table', 1),
(17, '2023_03_17_191200_create_forum_posts_table', 1),
(18, '2023_04_21_143528_create_counties_table', 1),
(19, '2023_04_21_143856_create_towns_table', 1),
(20, '2023_04_23_135525_lesson_types_table', 1),
(21, '2023_04_26_143624_create_lesson_type_teacher_table', 1),
(22, '2023_04_26_150504_create_teacher_town_table', 1);

-- --------------------------------------------------------

--
-- Tábla szerkezet ehhez a táblához `password_reset_tokens`
--

CREATE TABLE `password_reset_tokens` (
  `email` varchar(255) NOT NULL,
  `token` varchar(255) NOT NULL,
  `created_at` timestamp NULL DEFAULT NULL
) ENGINE=InnoDB DEFAULT CHARSET=utf8mb4;

-- --------------------------------------------------------

--
-- Tábla szerkezet ehhez a táblához `permissions`
--

CREATE TABLE `permissions` (
  `id` bigint(20) UNSIGNED NOT NULL,
  `permission` varchar(150) NOT NULL,
  `created_at` timestamp NULL DEFAULT NULL,
  `updated_at` timestamp NULL DEFAULT NULL
) ENGINE=InnoDB DEFAULT CHARSET=utf8mb4;

-- --------------------------------------------------------

--
-- Tábla szerkezet ehhez a táblához `personal_access_tokens`
--

CREATE TABLE `personal_access_tokens` (
  `id` bigint(20) UNSIGNED NOT NULL,
  `tokenable_type` varchar(255) NOT NULL,
  `tokenable_id` bigint(20) UNSIGNED NOT NULL,
  `name` varchar(255) NOT NULL,
  `token` varchar(64) NOT NULL,
  `abilities` text DEFAULT NULL,
  `last_used_at` timestamp NULL DEFAULT NULL,
  `expires_at` timestamp NULL DEFAULT NULL,
  `created_at` timestamp NULL DEFAULT NULL,
  `updated_at` timestamp NULL DEFAULT NULL
) ENGINE=InnoDB DEFAULT CHARSET=utf8mb4;

-- --------------------------------------------------------

--
-- Tábla szerkezet ehhez a táblához `qualifications`
--

CREATE TABLE `qualifications` (
  `id` bigint(20) UNSIGNED NOT NULL,
  `qualification` varchar(100) NOT NULL,
  `created_at` timestamp NULL DEFAULT NULL,
  `updated_at` timestamp NULL DEFAULT NULL
) ENGINE=InnoDB DEFAULT CHARSET=utf8mb4;

--
-- A tábla adatainak kiíratása `qualifications`
--

INSERT INTO `qualifications` (`id`, `qualification`, `created_at`, `updated_at`) VALUES
(1, 'Érettségi vizsga', NULL, NULL),
(2, 'Technikum / OKJ', NULL, NULL),
(3, 'Főiskolai/egyetemi alapképzés (BSc/BA)', NULL, NULL),
(4, 'Főiskolai/egyetemi mesterképzés (MSc)', NULL, NULL),
(5, 'Doktori fokozat (PhD/DLA)', NULL, NULL);

-- --------------------------------------------------------

--
-- Tábla szerkezet ehhez a táblához `subjects`
--

CREATE TABLE `subjects` (
  `id` bigint(20) UNSIGNED NOT NULL,
  `subject` varchar(100) NOT NULL,
  `created_at` timestamp NULL DEFAULT NULL,
  `updated_at` timestamp NULL DEFAULT NULL
) ENGINE=InnoDB DEFAULT CHARSET=utf8mb4;

--
-- A tábla adatainak kiíratása `subjects`
--

INSERT INTO `subjects` (`id`, `subject`, `created_at`, `updated_at`) VALUES
(1, 'Biológia-egészségtan', NULL, NULL),
(2, 'Dráma és tánc', NULL, NULL),
(3, 'Ének-zene', NULL, NULL),
(4, 'Erkölcstan', NULL, NULL),
(5, 'Erkölcstan/hittan', NULL, NULL),
(6, 'Etika', NULL, NULL),
(7, 'Filozófia', NULL, NULL),
(8, 'Fizika', NULL, NULL),
(9, 'Földrajz', NULL, NULL),
(10, 'Hon- és népismeret', NULL, NULL),
(11, 'Informatika', NULL, NULL),
(12, 'Kémia', NULL, NULL),
(13, 'Kommunikáció – magyar nyelv és irodalom', NULL, NULL),
(14, 'Környezetismeret', NULL, NULL),
(15, 'Latin örökségünk', NULL, NULL),
(16, 'Magyar nyelv és irodalom', NULL, NULL),
(17, 'Matematika', NULL, NULL),
(18, 'Mozgóképkultúra és médiaismeret', NULL, NULL),
(19, 'Művészetek', NULL, NULL),
(20, 'Tánc és mozgás', NULL, NULL),
(21, 'Társadalmi, állampolgári és gazdasági ismeretek', NULL, NULL),
(22, 'Társadalmi, állampolgári és gazdasági ismeretek – 5-6. évfolyam', NULL, NULL),
(23, 'Társadalomismeret', NULL, NULL),
(24, 'Technika, életvitel és gyakorlat', NULL, NULL),
(25, 'Természetismeret', NULL, NULL),
(26, 'Természettudományi gyakorlatok', NULL, NULL),
(27, 'Testnevelés és sport', NULL, NULL),
(28, 'Történelem, társadalmi és állampolgári ismeretek', NULL, NULL),
(29, 'Vizuális kultúra', NULL, NULL),
(30, 'albán', NULL, NULL),
(31, 'angol', NULL, NULL),
(32, 'cseh', NULL, NULL),
(33, 'dán', NULL, NULL),
(34, 'észt', NULL, NULL),
(35, 'finn', NULL, NULL),
(36, 'francia', NULL, NULL),
(37, 'görög', NULL, NULL),
(38, 'grúz', NULL, NULL),
(39, 'héber', NULL, NULL),
(40, 'hindi', NULL, NULL),
(41, 'holland', NULL, NULL),
(42, 'horvát', NULL, NULL),
(43, 'indonéz', NULL, NULL),
(44, 'ír', NULL, NULL),
(45, 'izlandi', NULL, NULL),
(46, 'japán', NULL, NULL),
(47, 'jávai', NULL, NULL),
(48, 'katalán', NULL, NULL),
(49, 'kazah', NULL, NULL),
(50, 'kínai', NULL, NULL),
(51, 'latin', NULL, NULL),
(52, 'lengyel', NULL, NULL),
(53, 'lett', NULL, NULL),
(54, 'litván', NULL, NULL),
(55, 'luxemburgi', NULL, NULL),
(56, 'macedón', NULL, NULL),
(57, 'maláj', NULL, NULL),
(58, 'máltai', NULL, NULL),
(59, 'mongol', NULL, NULL),
(60, 'német', NULL, NULL),
(61, 'nepáli', NULL, NULL),
(62, 'norvég', NULL, NULL),
(63, 'olasz', NULL, NULL),
(64, 'orosz', NULL, NULL),
(65, 'örmény', NULL, NULL),
(66, 'pandzsábi', NULL, NULL),
(67, 'pastu', NULL, NULL),
(68, 'perzsa', NULL, NULL),
(69, 'portugál', NULL, NULL),
(70, 'román', NULL, NULL),
(71, 'skót-gael', NULL, NULL),
(72, 'spanyol', NULL, NULL),
(73, 'svéd', NULL, NULL),
(74, 'szanszkrit', NULL, NULL),
(75, 'szerb', NULL, NULL),
(76, 'szlovák', NULL, NULL),
(77, 'szlovén', NULL, NULL),
(78, 'thai', NULL, NULL),
(79, 'török', NULL, NULL),
(80, 'ukrán', NULL, NULL),
(81, 'urdu', NULL, NULL),
(82, 'üzbég', NULL, NULL),
(83, 'vietnami', NULL, NULL),
(84, 'walesi', NULL, NULL);

-- --------------------------------------------------------

--
-- Tábla szerkezet ehhez a táblához `teachers`
--

CREATE TABLE `teachers` (
  `id` bigint(20) UNSIGNED NOT NULL,
  `curriculum_vitae` mediumtext NOT NULL,
  `hourly_rate` smallint(6) NOT NULL,
  `profile_pic_path` varchar(500) DEFAULT NULL,
  `profile_video_path` varchar(500) DEFAULT NULL,
  `qualification_id` bigint(20) UNSIGNED NOT NULL,
  `user_id` bigint(20) UNSIGNED NOT NULL,
  `created_at` timestamp NULL DEFAULT NULL,
  `updated_at` timestamp NULL DEFAULT NULL
) ENGINE=InnoDB DEFAULT CHARSET=utf8mb4;

--
-- A tábla adatainak kiíratása `teachers`
--

INSERT INTO `teachers` (`id`, `curriculum_vitae`, `hourly_rate`, `profile_pic_path`, `profile_video_path`, `qualification_id`, `user_id`, `created_at`, `updated_at`) VALUES
(1, '<p>szakmai CV</p>', 5000, '1.jpg', 'https://www.youtube.com/watch?v=5s-_SnVl-1g', 3, 1, '2023-04-28 08:22:45', '2023-05-01 09:01:37'),
(2, '<p>afffffffffffffffffffffffffasfffffffffffffffffffffffffffffffffffffffffffffffffffffffffffffffff</p>', 4000, '3.jpg', NULL, 3, 3, '2023-04-30 07:38:06', '2023-04-30 07:38:06'),
(3, '<p>glhgccccccccccccccccccccghgvbcghcgcg</p>', 6000, '4.jpg', NULL, 3, 4, '2023-04-30 07:41:42', '2023-04-30 07:41:42'),
(4, '<p>jhkhkjhkjhjkhkhkjhkjhkhuhk</p>', 6000, '4.jpg', 'https://www.youtube.com/watch?v=5s-_SnVl-1g', 3, 4, '2023-04-30 08:35:51', '2023-04-30 08:35:51'),
(5, '<p>kkkkkkkkkkkkkkkkkkkkkkkkkkkkkkkkkkkkkkkkkkkkkkk</p>', 7000, '6.jpg', NULL, 3, 6, '2023-04-30 11:34:11', '2023-04-30 11:34:11'),
(6, '<p>Biol&oacute;gia f&ouml;ldrajz szakos tan&aacute;r vagyok. 15 &eacute;ve tan&iacute;tok gimn&aacute;ziumban.&nbsp;</p>', 5000, '7.jpg', 'https://www.youtube.com/watch?v=Ef6gPgG-mNI', 3, 7, '2023-05-01 16:49:47', '2023-05-01 16:49:47'),
(7, '<p>Online oktat&aacute;st v&aacute;llalok magyar nyelv &eacute;s irodalomb&oacute;l &eacute;s hum&aacute;n tant&aacute;rgyakb&oacute;l. Elsősorban &aacute;ltal&aacute;nos iskol&aacute;sokkal &eacute;s mag&aacute;ntanul&oacute;kkal foglalkozom.Tov&aacute;bb&aacute; van j&aacute;rtass&aacute;gom tehets&eacute;ggondoz&aacute;sban, alternat&iacute;v oktat&aacute;sban. Bős&eacute;ges oktat&aacute;si gyakorlattal rendelkezem: t&ouml;bb mint harminc &eacute;vet tan&iacute;tottam gimn&aacute;ziumban, szakk&ouml;z&eacute;piskol&aacute;ban, technikumban. A tanul&oacute;kat tanul&aacute;sm&oacute;dszertani ismeretekkel &eacute;s gyakorlatokkal seg&iacute;tem.</p>', 4000, '8.jpg', NULL, 4, 8, '2023-05-01 17:30:23', '2023-05-01 17:30:23');

-- --------------------------------------------------------

--
-- Tábla szerkezet ehhez a táblához `teacher_town`
--

CREATE TABLE `teacher_town` (
  `id` bigint(20) UNSIGNED NOT NULL,
  `teacher_id` bigint(20) UNSIGNED NOT NULL,
  `town_id` bigint(20) UNSIGNED NOT NULL,
  `created_at` timestamp NULL DEFAULT NULL,
  `updated_at` timestamp NULL DEFAULT NULL
) ENGINE=InnoDB DEFAULT CHARSET=utf8mb4;

--
-- A tábla adatainak kiíratása `teacher_town`
--

INSERT INTO `teacher_town` (`id`, `teacher_id`, `town_id`, `created_at`, `updated_at`) VALUES
(1, 1, 868, '2023-04-28 08:22:45', '2023-04-28 08:22:45'),
(2, 1, 869, '2023-04-28 08:22:45', '2023-04-28 08:22:45'),
(3, 1, 870, '2023-04-28 08:22:46', '2023-04-28 08:22:46'),
(4, 1, 871, '2023-04-28 08:22:46', '2023-04-28 08:22:46'),
(5, 1, 876, '2023-04-28 08:22:46', '2023-04-28 08:22:46'),
(6, 1, 872, '2023-04-28 08:22:46', '2023-04-28 08:22:46'),
(7, 1, 873, '2023-04-28 08:22:46', '2023-04-28 08:22:46'),
(8, 1, 874, '2023-04-28 08:22:46', '2023-04-28 08:22:46'),
(9, 1, 875, '2023-04-28 08:22:46', '2023-04-28 08:22:46'),
(10, 1, 877, '2023-04-28 08:22:46', '2023-04-28 08:22:46'),
(11, 1, 878, '2023-04-28 08:22:46', '2023-04-28 08:22:46'),
(12, 1, 879, '2023-04-28 08:22:46', '2023-04-28 08:22:46'),
(13, 1, 880, '2023-04-28 08:22:46', '2023-04-28 08:22:46'),
(14, 1, 881, '2023-04-28 08:22:46', '2023-04-28 08:22:46'),
(15, 1, 886, '2023-04-28 08:22:46', '2023-04-28 08:22:46'),
(16, 1, 882, '2023-04-28 08:22:46', '2023-04-28 08:22:46'),
(17, 1, 883, '2023-04-28 08:22:46', '2023-04-28 08:22:46'),
(18, 1, 884, '2023-04-28 08:22:46', '2023-04-28 08:22:46'),
(19, 1, 885, '2023-04-28 08:22:46', '2023-04-28 08:22:46'),
(20, 1, 887, '2023-04-28 08:22:46', '2023-04-28 08:22:46'),
(21, 1, 888, '2023-04-28 08:22:46', '2023-04-28 08:22:46'),
(22, 1, 889, '2023-04-28 08:22:46', '2023-04-28 08:22:46'),
(23, 1, 890, '2023-04-28 08:22:46', '2023-04-28 08:22:46'),
(24, 3, 81, '2023-04-30 07:41:42', '2023-04-30 07:41:42'),
(25, 4, 81, '2023-04-30 08:35:51', '2023-04-30 08:35:51'),
(26, 5, 872, '2023-04-30 11:34:11', '2023-04-30 11:34:11'),
(27, 6, 874, '2023-05-01 16:49:47', '2023-05-01 16:49:47'),
(28, 6, 875, '2023-05-01 16:49:47', '2023-05-01 16:49:47'),
(29, 6, 877, '2023-05-01 16:49:47', '2023-05-01 16:49:47');

-- --------------------------------------------------------

--
-- Tábla szerkezet ehhez a táblához `towns`
--

CREATE TABLE `towns` (
  `id` bigint(20) UNSIGNED NOT NULL,
  `town` varchar(100) NOT NULL,
  `county_id` bigint(20) UNSIGNED NOT NULL,
  `created_at` timestamp NULL DEFAULT NULL,
  `updated_at` timestamp NULL DEFAULT NULL
) ENGINE=InnoDB DEFAULT CHARSET=utf8mb4;

--
-- A tábla adatainak kiíratása `towns`
--

INSERT INTO `towns` (`id`, `town`, `county_id`, `created_at`, `updated_at`) VALUES
(1, 'Kecskemét', 1, NULL, NULL),
(2, 'Szentkirály', 1, NULL, NULL),
(3, 'Nyárlőrinc', 1, NULL, NULL),
(4, 'Városföld', 1, NULL, NULL),
(5, 'Helvécia', 1, NULL, NULL),
(6, 'Ballószög', 1, NULL, NULL),
(7, 'Kerekegyháza', 1, NULL, NULL),
(8, 'Fülöpháza', 1, NULL, NULL),
(9, 'Kunbaracs', 1, NULL, NULL),
(10, 'Ladánybene', 1, NULL, NULL),
(11, 'Lajosmizse', 1, NULL, NULL),
(12, 'Felsőlajos', 1, NULL, NULL),
(13, 'Tiszakécske', 1, NULL, NULL),
(14, 'Tiszaug', 1, NULL, NULL),
(15, 'Lakitelek', 1, NULL, NULL),
(16, 'Tiszaalpár', 1, NULL, NULL),
(17, 'Izsák', 1, NULL, NULL),
(18, 'Páhi', 1, NULL, NULL),
(19, 'Ágasegyháza', 1, NULL, NULL),
(20, 'Orgovány', 1, NULL, NULL),
(21, 'Jakabszállás', 1, NULL, NULL),
(22, 'Szabadszállás', 1, NULL, NULL),
(23, 'Fülöpszállás', 1, NULL, NULL),
(24, 'Szalkszentmárton', 1, NULL, NULL),
(25, 'Dunavecse', 1, NULL, NULL),
(26, 'Apostag', 1, NULL, NULL),
(27, 'Kunszentmiklós', 1, NULL, NULL),
(28, 'Kunpeszér', 1, NULL, NULL),
(29, 'Kunadacs', 1, NULL, NULL),
(30, 'Tass', 1, NULL, NULL),
(31, 'Kiskunfélegyháza', 1, NULL, NULL),
(32, 'Gátér', 1, NULL, NULL),
(33, 'Pálmonostora', 1, NULL, NULL),
(34, 'Petőfiszállás', 1, NULL, NULL),
(35, 'Bugac', 1, NULL, NULL),
(36, 'Bugacpusztaháza', 1, NULL, NULL),
(37, 'Kunszállás', 1, NULL, NULL),
(38, 'Fülöpjakab', 1, NULL, NULL),
(39, 'Kiskunmajsa', 1, NULL, NULL),
(40, 'Szank', 1, NULL, NULL),
(41, 'Móricgát', 1, NULL, NULL),
(42, 'Jászszentlászló', 1, NULL, NULL),
(43, 'Kömpöc', 1, NULL, NULL),
(44, 'Csólyospálos', 1, NULL, NULL),
(45, 'Harkakötöny', 1, NULL, NULL),
(46, 'Kiskőrös', 1, NULL, NULL),
(47, 'Kaskantyú', 1, NULL, NULL),
(48, 'Akasztó', 1, NULL, NULL),
(49, 'Csengőd', 1, NULL, NULL),
(50, 'Soltszentimre', 1, NULL, NULL),
(51, 'Tabdi', 1, NULL, NULL),
(52, 'Soltvadkert', 1, NULL, NULL),
(53, 'Bócsa', 1, NULL, NULL),
(54, 'Tázlár', 1, NULL, NULL),
(55, 'Kecel', 1, NULL, NULL),
(56, 'Imrehegy', 1, NULL, NULL),
(57, 'Császártöltés', 1, NULL, NULL),
(58, 'Kalocsa', 1, NULL, NULL),
(59, 'Öregcsertő', 1, NULL, NULL),
(60, 'Solt', 1, NULL, NULL),
(61, 'Újsolt', 1, NULL, NULL),
(62, 'Dunaegyháza', 1, NULL, NULL),
(63, 'Dunatetétlen', 1, NULL, NULL),
(64, 'Harta', 1, NULL, NULL),
(65, 'Dunapataj', 1, NULL, NULL),
(66, 'Foktő', 1, NULL, NULL),
(67, 'Uszód', 1, NULL, NULL),
(68, 'Dunaszentbenedek', 1, NULL, NULL),
(69, 'Géderlak', 1, NULL, NULL),
(70, 'Ordas', 1, NULL, NULL),
(71, 'Szakmár', 1, NULL, NULL),
(72, 'Újtelek', 1, NULL, NULL),
(73, 'Homokmégy', 1, NULL, NULL),
(74, 'Drágszél', 1, NULL, NULL),
(75, 'Miske', 1, NULL, NULL),
(76, 'Hajós', 1, NULL, NULL),
(77, 'Nemesnádudvar', 1, NULL, NULL),
(78, 'Sükösd', 1, NULL, NULL),
(79, 'Érsekcsanád', 1, NULL, NULL),
(80, 'Érsekhalma', 1, NULL, NULL),
(81, 'Bátya', 1, NULL, NULL),
(82, 'Fajsz', 1, NULL, NULL),
(83, 'Dusnok', 1, NULL, NULL),
(84, 'Kiskunhalas', 1, NULL, NULL),
(85, 'Zsana', 1, NULL, NULL),
(86, 'Balotaszállás', 1, NULL, NULL),
(87, 'Kunfehértó', 1, NULL, NULL),
(88, 'Pirtó', 1, NULL, NULL),
(89, 'Kisszállás', 1, NULL, NULL),
(90, 'Tompa', 1, NULL, NULL),
(91, 'Kelebia', 1, NULL, NULL),
(92, 'Csikéria', 1, NULL, NULL),
(93, 'Bácsszőlős', 1, NULL, NULL),
(94, 'Bácsalmás', 1, NULL, NULL),
(95, 'Kunbaja', 1, NULL, NULL),
(96, 'Jánoshalma', 1, NULL, NULL),
(97, 'Kéleshalom', 1, NULL, NULL),
(98, 'Borota', 1, NULL, NULL),
(99, 'Rém', 1, NULL, NULL),
(100, 'Felsőszentiván', 1, NULL, NULL),
(101, 'Csávoly', 1, NULL, NULL),
(102, 'Mélykút', 1, NULL, NULL),
(103, 'Tataháza', 1, NULL, NULL),
(104, 'Mátételke', 1, NULL, NULL),
(105, 'Bácsbokod', 1, NULL, NULL),
(106, 'Bácsborsód', 1, NULL, NULL),
(107, 'Katymár', 1, NULL, NULL),
(108, 'Madaras', 1, NULL, NULL),
(109, 'Baja', 1, NULL, NULL),
(110, 'Bácsszentgyörgy', 1, NULL, NULL),
(111, 'Szeremle', 1, NULL, NULL),
(112, 'Dunafalva', 1, NULL, NULL),
(113, 'Vaskút', 1, NULL, NULL),
(114, 'Gara', 1, NULL, NULL),
(115, 'Csátalja', 1, NULL, NULL),
(116, 'Dávod', 1, NULL, NULL),
(117, 'Hercegszántó', 1, NULL, NULL),
(118, 'Nagybaracska', 1, NULL, NULL),
(119, 'Bátmonostor', 1, NULL, NULL),
(120, 'Pécs', 2, NULL, NULL),
(121, 'Komló', 2, NULL, NULL),
(122, 'Mánfa', 2, NULL, NULL),
(123, 'Mecsekpölöske', 2, NULL, NULL),
(124, 'Liget', 2, NULL, NULL),
(125, 'Magyaregregy', 2, NULL, NULL),
(126, 'Kárász', 2, NULL, NULL),
(127, 'Vékény', 2, NULL, NULL),
(128, 'Szalatnak', 2, NULL, NULL),
(129, 'Köblény', 2, NULL, NULL),
(130, 'Csikóstőttős', 2, NULL, NULL),
(131, 'Mágocs', 2, NULL, NULL),
(132, 'Nagyhajmás', 2, NULL, NULL),
(133, 'Mekényes', 2, NULL, NULL),
(134, 'Alsómocsolád', 2, NULL, NULL),
(135, 'Bikal', 2, NULL, NULL),
(136, 'Egyházaskozár', 2, NULL, NULL),
(137, 'Hegyhátmaróc', 2, NULL, NULL),
(138, 'Tófű', 2, NULL, NULL),
(139, 'Szászvár', 2, NULL, NULL),
(140, 'Máza', 2, NULL, NULL),
(141, 'Györe', 2, NULL, NULL),
(142, 'Izmény', 2, NULL, NULL),
(143, 'Váralja', 2, NULL, NULL),
(144, 'Nagymányok', 2, NULL, NULL),
(145, 'Kismányok', 2, NULL, NULL),
(146, 'Jágónak', 2, NULL, NULL),
(147, 'Kaposszekcső', 2, NULL, NULL),
(148, 'Vásárosdombó', 2, NULL, NULL),
(149, 'Gerényes', 2, NULL, NULL),
(150, 'Tarrós', 2, NULL, NULL),
(151, 'Sásd', 2, NULL, NULL),
(152, 'Felsőegerszeg', 2, NULL, NULL),
(153, 'Meződ', 2, NULL, NULL),
(154, 'Oroszló', 2, NULL, NULL),
(155, 'Palé', 2, NULL, NULL),
(156, 'Varga', 2, NULL, NULL),
(157, 'Vázsnok', 2, NULL, NULL),
(158, 'Kisvaszar', 2, NULL, NULL),
(159, 'Ág', 2, NULL, NULL),
(160, 'Tékes', 2, NULL, NULL),
(161, 'Tormás', 2, NULL, NULL),
(162, 'Baranyaszentgyörgy', 2, NULL, NULL),
(163, 'Szágy', 2, NULL, NULL),
(164, 'Baranyajenő', 2, NULL, NULL),
(165, 'Gödre', 2, NULL, NULL),
(166, 'Mindszentgodisa', 2, NULL, NULL),
(167, 'Kisbeszterce', 2, NULL, NULL),
(168, 'Kishajmás', 2, NULL, NULL),
(169, 'Bakóca', 2, NULL, NULL),
(170, 'Magyarhertelend', 2, NULL, NULL),
(171, 'Bodolyabér', 2, NULL, NULL),
(172, 'Magyarszék', 2, NULL, NULL),
(173, 'Kökény', 2, NULL, NULL),
(174, 'Erzsébet', 2, NULL, NULL),
(175, 'Kátoly', 2, NULL, NULL),
(176, 'Kékesd', 2, NULL, NULL),
(177, 'Szellő', 2, NULL, NULL),
(178, 'Máriakéménd', 2, NULL, NULL),
(179, 'Berkesd', 2, NULL, NULL),
(180, 'Pereked', 2, NULL, NULL),
(181, 'Szilágy', 2, NULL, NULL),
(182, 'Pogány', 2, NULL, NULL),
(183, 'Keszü', 2, NULL, NULL),
(184, 'Gyód', 2, NULL, NULL),
(185, 'Bicsérd', 2, NULL, NULL),
(186, 'Aranyosgadány', 2, NULL, NULL),
(187, 'Zók', 2, NULL, NULL),
(188, 'Boda', 2, NULL, NULL),
(189, 'Kővágószőlős', 2, NULL, NULL),
(190, 'Cserkút', 2, NULL, NULL),
(191, 'Bakonya', 2, NULL, NULL),
(192, 'Kővágótöttös', 2, NULL, NULL),
(193, 'Orfű', 2, NULL, NULL),
(194, 'Abaliget', 2, NULL, NULL),
(195, 'Husztót', 2, NULL, NULL),
(196, 'Kovácsszénája', 2, NULL, NULL),
(197, 'Hetvehely', 2, NULL, NULL),
(198, 'Okorvölgy', 2, NULL, NULL),
(199, 'Szentkatalin', 2, NULL, NULL),
(200, 'Bükkösd', 2, NULL, NULL),
(201, 'Helesfa', 2, NULL, NULL),
(202, 'Cserdi', 2, NULL, NULL),
(203, 'Dinnyeberki', 2, NULL, NULL),
(204, 'Hosszúhetény', 2, NULL, NULL),
(205, 'Mecseknádasd', 2, NULL, NULL),
(206, 'Óbánya', 2, NULL, NULL),
(207, 'Ófalu', 2, NULL, NULL),
(208, 'Hidas', 2, NULL, NULL),
(209, 'Mohács', 2, NULL, NULL),
(210, 'Bár', 2, NULL, NULL),
(211, 'Dunaszekcső', 2, NULL, NULL),
(212, 'Homorúd', 2, NULL, NULL),
(213, 'Kölked', 2, NULL, NULL),
(214, 'Udvar', 2, NULL, NULL),
(215, 'Pécsvárad', 2, NULL, NULL),
(216, 'Apátvarasd', 2, NULL, NULL),
(217, 'Lovászhetény', 2, NULL, NULL),
(218, 'Martonfa', 2, NULL, NULL),
(219, 'Zengővárkony', 2, NULL, NULL),
(220, 'Erdősmecske', 2, NULL, NULL),
(221, 'Feked', 2, NULL, NULL),
(222, 'Szebény', 2, NULL, NULL),
(223, 'Véménd', 2, NULL, NULL),
(224, 'Palotabozsok', 2, NULL, NULL),
(225, 'Somberek', 2, NULL, NULL),
(226, 'Görcsönydoboka', 2, NULL, NULL),
(227, 'Nagypall', 2, NULL, NULL),
(228, 'Fazekasboda', 2, NULL, NULL),
(229, 'Geresdlak', 2, NULL, NULL),
(230, 'Maráza', 2, NULL, NULL),
(231, 'Himesháza', 2, NULL, NULL),
(232, 'Erdősmárok', 2, NULL, NULL),
(233, 'Szűr', 2, NULL, NULL),
(234, 'Székelyszabar', 2, NULL, NULL),
(235, 'Nagykozár', 2, NULL, NULL),
(236, 'Bogád', 2, NULL, NULL),
(237, 'Romonya', 2, NULL, NULL),
(238, 'Ellend', 2, NULL, NULL),
(239, 'Olasz', 2, NULL, NULL),
(240, 'Hásságy', 2, NULL, NULL),
(241, 'Belvárdgyula', 2, NULL, NULL),
(242, 'Birján', 2, NULL, NULL),
(243, 'Szederkény', 2, NULL, NULL),
(244, 'Monyoród', 2, NULL, NULL),
(245, 'Versend', 2, NULL, NULL),
(246, 'Szajk', 2, NULL, NULL),
(247, 'Bóly', 2, NULL, NULL),
(248, 'Töttös', 2, NULL, NULL),
(249, 'Borjád', 2, NULL, NULL),
(250, 'Kisbudmér', 2, NULL, NULL),
(251, 'Nagybudmér', 2, NULL, NULL),
(252, 'Pócsa', 2, NULL, NULL),
(253, 'Babarc', 2, NULL, NULL),
(254, 'Liptód', 2, NULL, NULL),
(255, 'Lánycsók', 2, NULL, NULL),
(256, 'Kisnyárád', 2, NULL, NULL),
(257, 'Kozármisleny', 2, NULL, NULL),
(258, 'Lothárd', 2, NULL, NULL),
(259, 'Magyarsarlós', 2, NULL, NULL),
(260, 'Pécsudvard', 2, NULL, NULL),
(261, 'Egerág', 2, NULL, NULL),
(262, 'Áta', 2, NULL, NULL),
(263, 'Kisherend', 2, NULL, NULL),
(264, 'Szemely', 2, NULL, NULL),
(265, 'Szőkéd', 2, NULL, NULL),
(266, 'Újpetre', 2, NULL, NULL),
(267, 'Kiskassa', 2, NULL, NULL),
(268, 'Peterd', 2, NULL, NULL),
(269, 'Pécsdevecser', 2, NULL, NULL),
(270, 'Vokány', 2, NULL, NULL),
(271, 'Kistótfalu', 2, NULL, NULL),
(272, 'Palkonya', 2, NULL, NULL),
(273, 'Villánykövesd', 2, NULL, NULL),
(274, 'Ivánbattyán', 2, NULL, NULL),
(275, 'Villány', 2, NULL, NULL),
(276, 'Kisjakabfalva', 2, NULL, NULL),
(277, 'Márok', 2, NULL, NULL),
(278, 'Magyarbóly', 2, NULL, NULL),
(279, 'Illocska', 2, NULL, NULL),
(280, 'Kislippó', 2, NULL, NULL),
(281, 'Lapáncsa', 2, NULL, NULL),
(282, 'Lippó', 2, NULL, NULL),
(283, 'Ivándárda', 2, NULL, NULL),
(284, 'Sárok', 2, NULL, NULL),
(285, 'Bezedek', 2, NULL, NULL),
(286, 'Majs', 2, NULL, NULL),
(287, 'Nagynyárád', 2, NULL, NULL),
(288, 'Sátorhely', 2, NULL, NULL),
(289, 'Siklós', 2, NULL, NULL),
(290, 'Kisharsány', 2, NULL, NULL),
(291, 'Nagytótfalu', 2, NULL, NULL),
(292, 'Szalánta', 2, NULL, NULL),
(293, 'Bisse', 2, NULL, NULL),
(294, 'Bosta', 2, NULL, NULL),
(295, 'Csarnóta', 2, NULL, NULL),
(296, 'Szilvás', 2, NULL, NULL),
(297, 'Túrony', 2, NULL, NULL),
(298, 'Garé', 2, NULL, NULL),
(299, 'Szava', 2, NULL, NULL),
(300, 'Ócsárd', 2, NULL, NULL),
(301, 'Babarcszőlős', 2, NULL, NULL),
(302, 'Kisdér', 2, NULL, NULL),
(303, 'Siklósbodony', 2, NULL, NULL),
(304, 'Harkány', 2, NULL, NULL),
(305, 'Diósviszló', 2, NULL, NULL),
(306, 'Márfa', 2, NULL, NULL),
(307, 'Rádfalva', 2, NULL, NULL),
(308, 'Nagyharsány', 2, NULL, NULL),
(309, 'Siklósnagyfalu', 2, NULL, NULL),
(310, 'Kistapolca', 2, NULL, NULL),
(311, 'Egyházasharaszti', 2, NULL, NULL),
(312, 'Old', 2, NULL, NULL),
(313, 'Alsószentmárton', 2, NULL, NULL),
(314, 'Beremend', 2, NULL, NULL),
(315, 'Kásád', 2, NULL, NULL),
(316, 'Pellérd', 2, NULL, NULL),
(317, 'Görcsöny', 2, NULL, NULL),
(318, 'Regenye', 2, NULL, NULL),
(319, 'Szőke', 2, NULL, NULL),
(320, 'Baksa', 2, NULL, NULL),
(321, 'Tengeri', 2, NULL, NULL),
(322, 'Téseny', 2, NULL, NULL),
(323, 'Bogádmindszent', 2, NULL, NULL),
(324, 'Ózdfalu', 2, NULL, NULL),
(325, 'Hegyszentmárton', 2, NULL, NULL),
(326, 'Vajszló', 2, NULL, NULL),
(327, 'Besence', 2, NULL, NULL),
(328, 'Hirics', 2, NULL, NULL),
(329, 'Lúzsok', 2, NULL, NULL),
(330, 'Nagycsány', 2, NULL, NULL),
(331, 'Páprád', 2, NULL, NULL),
(332, 'Piskó', 2, NULL, NULL),
(333, 'Vejti', 2, NULL, NULL),
(334, 'Zaláta', 2, NULL, NULL),
(335, 'Kemse', 2, NULL, NULL),
(336, 'Sámod', 2, NULL, NULL),
(337, 'Adorjás', 2, NULL, NULL),
(338, 'Baranyahídvég', 2, NULL, NULL),
(339, 'Kisszentmárton', 2, NULL, NULL),
(340, 'Kórós', 2, NULL, NULL),
(341, 'Kémes', 2, NULL, NULL),
(342, 'Cún', 2, NULL, NULL),
(343, 'Drávapiski', 2, NULL, NULL),
(344, 'Szaporca', 2, NULL, NULL),
(345, 'Tésenfa', 2, NULL, NULL),
(346, 'Drávacsepely', 2, NULL, NULL),
(347, 'Kovácshida', 2, NULL, NULL),
(348, 'Drávaszerdahely', 2, NULL, NULL),
(349, 'Ipacsfa', 2, NULL, NULL),
(350, 'Drávacsehi', 2, NULL, NULL),
(351, 'Drávapalkonya', 2, NULL, NULL),
(352, 'Drávaszabolcs', 2, NULL, NULL),
(353, 'Gordisa', 2, NULL, NULL),
(354, 'Matty', 2, NULL, NULL),
(355, 'Szigetvár', 2, NULL, NULL),
(356, 'Botykapeterd', 2, NULL, NULL),
(357, 'Csertő', 2, NULL, NULL),
(358, 'Nagypeterd', 2, NULL, NULL),
(359, 'Nyugotszenterzsébet', 2, NULL, NULL),
(360, 'Nagyváty', 2, NULL, NULL),
(361, 'Szentdénes', 2, NULL, NULL),
(362, 'Rózsafa', 2, NULL, NULL),
(363, 'Bánfa', 2, NULL, NULL),
(364, 'Katádfa', 2, NULL, NULL),
(365, 'Dencsháza', 2, NULL, NULL),
(366, 'Szentegát', 2, NULL, NULL),
(367, 'Lakócsa', 2, NULL, NULL),
(368, 'Szentborbás', 2, NULL, NULL),
(369, 'Tótújfalu', 2, NULL, NULL),
(370, 'Somogyhatvan', 2, NULL, NULL),
(371, 'Somogyapáti', 2, NULL, NULL),
(372, 'Basal', 2, NULL, NULL),
(373, 'Patapoklosi', 2, NULL, NULL),
(374, 'Somogyviszló', 2, NULL, NULL),
(375, 'Somogyhárságy', 2, NULL, NULL),
(376, 'Magyarlukafa', 2, NULL, NULL),
(377, 'Vásárosbéc', 2, NULL, NULL),
(378, 'Mozsgó', 2, NULL, NULL),
(379, 'Almáskeresztúr', 2, NULL, NULL),
(380, 'Szulimán', 2, NULL, NULL),
(381, 'Almamellék', 2, NULL, NULL),
(382, 'Ibafa', 2, NULL, NULL),
(383, 'Csebény', 2, NULL, NULL),
(384, 'Horváthertelend', 2, NULL, NULL),
(385, 'Szentlászló', 2, NULL, NULL),
(386, 'Boldogasszonyfa', 2, NULL, NULL),
(387, 'Szentlőrinc', 2, NULL, NULL),
(388, 'Csonkamindszent', 2, NULL, NULL),
(389, 'Kacsóta', 2, NULL, NULL),
(390, 'Szabadszentkirály', 2, NULL, NULL),
(391, 'Gerde', 2, NULL, NULL),
(392, 'Pécsbagota', 2, NULL, NULL),
(393, 'Velény', 2, NULL, NULL),
(394, 'Királyegyháza', 2, NULL, NULL),
(395, 'Magyarmecske', 2, NULL, NULL),
(396, 'Gilvánfa', 2, NULL, NULL),
(397, 'Gyöngyfa', 2, NULL, NULL),
(398, 'Kisasszonyfa', 2, NULL, NULL),
(399, 'Magyartelek', 2, NULL, NULL),
(400, 'Okorág', 2, NULL, NULL),
(401, 'Kákics', 2, NULL, NULL),
(402, 'Sellye', 2, NULL, NULL),
(403, 'Drávaiványi', 2, NULL, NULL),
(404, 'Drávasztára', 2, NULL, NULL),
(405, 'Marócsa', 2, NULL, NULL),
(406, 'Sósvertike', 2, NULL, NULL),
(407, 'Sumony', 2, NULL, NULL),
(408, 'Csányoszró', 2, NULL, NULL),
(409, 'Bogdása', 2, NULL, NULL),
(410, 'Drávafok', 2, NULL, NULL),
(411, 'Drávakeresztúr', 2, NULL, NULL),
(412, 'Markóc', 2, NULL, NULL),
(413, 'Felsőszentmárton', 2, NULL, NULL),
(414, 'Hobol', 2, NULL, NULL),
(415, 'Gyöngyösmellék', 2, NULL, NULL),
(416, 'Teklafalu', 2, NULL, NULL),
(417, 'Bürüs', 2, NULL, NULL),
(418, 'Endrőc', 2, NULL, NULL),
(419, 'Várad', 2, NULL, NULL),
(420, 'Kétújfalu', 2, NULL, NULL),
(421, 'Zádor', 2, NULL, NULL),
(422, 'Szörény', 2, NULL, NULL),
(423, 'Kastélyosdombó', 2, NULL, NULL),
(424, 'Drávagárdony', 2, NULL, NULL),
(425, 'Potony', 2, NULL, NULL),
(426, 'Drávatamási', 2, NULL, NULL),
(427, 'Pettend', 2, NULL, NULL),
(428, 'Nemeske', 2, NULL, NULL),
(429, 'Kistamási', 2, NULL, NULL),
(430, 'Merenye', 2, NULL, NULL),
(431, 'Molvány', 2, NULL, NULL),
(432, 'Tótszentgyörgy', 2, NULL, NULL),
(433, 'Nagydobsza', 2, NULL, NULL),
(434, 'Kisdobsza', 2, NULL, NULL),
(435, 'Gyomaendrőd', 3, NULL, NULL),
(436, 'Dévaványa', 3, NULL, NULL),
(437, 'Ecsegfalva', 3, NULL, NULL),
(438, 'Körösladány', 3, NULL, NULL),
(439, 'Szeghalom', 3, NULL, NULL),
(440, 'Füzesgyarmat', 3, NULL, NULL),
(441, 'Kertészsziget', 3, NULL, NULL),
(442, 'Bucsa', 3, NULL, NULL),
(443, 'Vésztő', 3, NULL, NULL),
(444, 'Okány', 3, NULL, NULL),
(445, 'Körösújfalu', 3, NULL, NULL),
(446, 'Zsadány', 3, NULL, NULL),
(447, 'Biharugra', 3, NULL, NULL),
(448, 'Körösnagyharsány', 3, NULL, NULL),
(449, 'Szarvas', 3, NULL, NULL),
(450, 'Csabacsűd', 3, NULL, NULL),
(451, 'Kardos', 3, NULL, NULL),
(452, 'Kondoros', 3, NULL, NULL),
(453, 'Hunya', 3, NULL, NULL),
(454, 'Örménykút', 3, NULL, NULL),
(455, 'Békésszentandrás', 3, NULL, NULL),
(456, 'Békéscsaba', 3, NULL, NULL),
(457, 'Csabaszabadi', 3, NULL, NULL),
(458, 'Csárdaszállás', 3, NULL, NULL),
(459, 'Köröstarcsa', 3, NULL, NULL),
(460, 'Doboz', 3, NULL, NULL),
(461, 'Békés', 3, NULL, NULL),
(462, 'Tarhos', 3, NULL, NULL),
(463, 'Bélmegyer', 3, NULL, NULL),
(464, 'Mezőberény', 3, NULL, NULL),
(465, 'Újkígyós', 3, NULL, NULL),
(466, 'Csanádapáca', 3, NULL, NULL),
(467, 'Medgyesbodzás', 3, NULL, NULL),
(468, 'Pusztaottlaka', 3, NULL, NULL),
(469, 'Medgyesegyháza', 3, NULL, NULL),
(470, 'Magyarbánhegyes', 3, NULL, NULL),
(471, 'Nagybánhegyes', 3, NULL, NULL),
(472, 'Murony', 3, NULL, NULL),
(473, 'Kamut', 3, NULL, NULL),
(474, 'Kétsoprony', 3, NULL, NULL),
(475, 'Telekgerendás', 3, NULL, NULL),
(476, 'Gyula', 3, NULL, NULL),
(477, 'Szabadkígyós', 3, NULL, NULL),
(478, 'Sarkad', 3, NULL, NULL),
(479, 'Kötegyán', 3, NULL, NULL),
(480, 'Méhkerék', 3, NULL, NULL),
(481, 'Újszalonta', 3, NULL, NULL),
(482, 'Sarkadkeresztúr', 3, NULL, NULL),
(483, 'Mezőgyán', 3, NULL, NULL),
(484, 'Geszt', 3, NULL, NULL),
(485, 'Kétegyháza', 3, NULL, NULL),
(486, 'Elek', 3, NULL, NULL),
(487, 'Lőkösháza', 3, NULL, NULL),
(488, 'Kevermes', 3, NULL, NULL),
(489, 'Dombiratos', 3, NULL, NULL),
(490, 'Kunágota', 3, NULL, NULL),
(491, 'Almáskamarás', 3, NULL, NULL),
(492, 'Nagykamarás', 3, NULL, NULL),
(493, 'Mezőkovácsháza', 3, NULL, NULL),
(494, 'Végegyháza', 3, NULL, NULL),
(495, 'Mezőhegyes', 3, NULL, NULL),
(496, 'Battonya', 3, NULL, NULL),
(497, 'Dombegyház', 3, NULL, NULL),
(498, 'Kisdombegyház', 3, NULL, NULL),
(499, 'Magyardombegyház', 3, NULL, NULL),
(500, 'Orosháza', 3, NULL, NULL),
(501, 'Pusztaföldvár', 3, NULL, NULL),
(502, 'Csorvás', 3, NULL, NULL),
(503, 'Gerendás', 3, NULL, NULL),
(504, 'Nagyszénás', 3, NULL, NULL),
(505, 'Gádoros', 3, NULL, NULL),
(506, 'Tótkomlós', 3, NULL, NULL),
(507, 'Kardoskút', 3, NULL, NULL),
(508, 'Békéssámson', 3, NULL, NULL),
(509, 'Kaszaper', 3, NULL, NULL),
(510, 'Miskolc', 4, NULL, NULL),
(511, 'Mezőkövesd', 4, NULL, NULL),
(512, 'Szomolya', 4, NULL, NULL),
(513, 'Bogács', 4, NULL, NULL),
(514, 'Cserépfalu', 4, NULL, NULL),
(515, 'Bükkzsérc', 4, NULL, NULL),
(516, 'Tard', 4, NULL, NULL),
(517, 'Cserépváralja', 4, NULL, NULL),
(518, 'Szentistván', 4, NULL, NULL),
(519, 'Mezőnyárád', 4, NULL, NULL),
(520, 'Bükkábrány', 4, NULL, NULL),
(521, 'Tibolddaróc', 4, NULL, NULL),
(522, 'Kács', 4, NULL, NULL),
(523, 'Sály', 4, NULL, NULL),
(524, 'Borsodgeszt', 4, NULL, NULL),
(525, 'Vatta', 4, NULL, NULL),
(526, 'Emőd', 4, NULL, NULL),
(527, 'Nyékládháza', 4, NULL, NULL),
(528, 'Mályi', 4, NULL, NULL),
(529, 'Mezőkeresztes', 4, NULL, NULL),
(530, 'Csincse', 4, NULL, NULL),
(531, 'Mezőnagymihály', 4, NULL, NULL),
(532, 'Gelej', 4, NULL, NULL),
(533, 'Mezőcsát', 4, NULL, NULL),
(534, 'Tiszakeszi', 4, NULL, NULL),
(535, 'Igrici', 4, NULL, NULL),
(536, 'Egerlövő', 4, NULL, NULL),
(537, 'Borsodivánka', 4, NULL, NULL),
(538, 'Négyes', 4, NULL, NULL),
(539, 'Tiszavalk', 4, NULL, NULL),
(540, 'Tiszabábolna', 4, NULL, NULL),
(541, 'Tiszadorogma', 4, NULL, NULL),
(542, 'Ároktő', 4, NULL, NULL),
(543, 'Ónod', 4, NULL, NULL),
(544, 'Muhi', 4, NULL, NULL),
(545, 'Kistokaj', 4, NULL, NULL),
(546, 'Bükkaranyos', 4, NULL, NULL),
(547, 'Harsány', 4, NULL, NULL),
(548, 'Kisgyőr', 4, NULL, NULL),
(549, 'Bükkszentkereszt', 4, NULL, NULL),
(550, 'Répáshuta', 4, NULL, NULL),
(551, 'Felsőzsolca', 4, NULL, NULL),
(552, 'Onga', 4, NULL, NULL),
(553, 'Hernádkak', 4, NULL, NULL),
(554, 'Hernádnémeti', 4, NULL, NULL),
(555, 'Tiszalúc', 4, NULL, NULL),
(556, 'Alsózsolca', 4, NULL, NULL),
(557, 'Sajólád', 4, NULL, NULL),
(558, 'Sajópetri', 4, NULL, NULL),
(559, 'Bőcs', 4, NULL, NULL),
(560, 'Berzék', 4, NULL, NULL),
(561, 'Sajóhídvég', 4, NULL, NULL),
(562, 'Köröm', 4, NULL, NULL),
(563, 'Girincs', 4, NULL, NULL),
(564, 'Kiscsécs', 4, NULL, NULL),
(565, 'Kesznyéten', 4, NULL, NULL),
(566, 'Tiszaújváros', 4, NULL, NULL),
(567, 'Sajóörös', 4, NULL, NULL),
(568, 'Tiszapalkonya', 4, NULL, NULL),
(569, 'Hejőkürt', 4, NULL, NULL),
(570, 'Tiszatarján', 4, NULL, NULL),
(571, 'Oszlár', 4, NULL, NULL),
(572, 'Nemesbikk', 4, NULL, NULL),
(573, 'Hejőbába', 4, NULL, NULL),
(574, 'Hejőpapi', 4, NULL, NULL),
(575, 'Hejőszalonta', 4, NULL, NULL),
(576, 'Szakáld', 4, NULL, NULL),
(577, 'Hejőkeresztúr', 4, NULL, NULL),
(578, 'Nagycsécs', 4, NULL, NULL),
(579, 'Sajószöged', 4, NULL, NULL),
(580, 'Ózd', 4, NULL, NULL),
(581, 'Farkaslyuk', 4, NULL, NULL),
(582, 'Uppony', 4, NULL, NULL),
(583, 'Borsodszentgyörgy', 4, NULL, NULL),
(584, 'Hangony', 4, NULL, NULL),
(585, 'Domaháza', 4, NULL, NULL),
(586, 'Kissikátor', 4, NULL, NULL),
(587, 'Putnok', 4, NULL, NULL),
(588, 'Dubicsány', 4, NULL, NULL),
(589, 'Vadna', 4, NULL, NULL),
(590, 'Sajógalgóc', 4, NULL, NULL),
(591, 'Nagybarca', 4, NULL, NULL),
(592, 'Bánhorváti', 4, NULL, NULL),
(593, 'Dédestapolcsány', 4, NULL, NULL),
(594, 'Tardona', 4, NULL, NULL),
(595, 'Mályinka', 4, NULL, NULL),
(596, 'Nekézseny', 4, NULL, NULL),
(597, 'Csokvaomány', 4, NULL, NULL),
(598, 'Csernely', 4, NULL, NULL),
(599, 'Bükkmogyorósd', 4, NULL, NULL),
(600, 'Lénárddaróc', 4, NULL, NULL),
(601, 'Sajónémeti', 4, NULL, NULL),
(602, 'Sajópüspöki', 4, NULL, NULL),
(603, 'Bánréve', 4, NULL, NULL),
(604, 'Hét', 4, NULL, NULL),
(605, 'Sajóvelezd', 4, NULL, NULL),
(606, 'Sajómercse', 4, NULL, NULL),
(607, 'Királd', 4, NULL, NULL),
(608, 'Borsodbóta', 4, NULL, NULL),
(609, 'Sáta', 4, NULL, NULL),
(610, 'Arló', 4, NULL, NULL),
(611, 'Járdánháza', 4, NULL, NULL),
(612, 'Borsodnádasd', 4, NULL, NULL),
(613, 'Kazincbarcika', 4, NULL, NULL),
(614, 'Berente', 4, NULL, NULL),
(615, 'Szirmabesenyő', 4, NULL, NULL),
(616, 'Sajóvámos', 4, NULL, NULL),
(617, 'Sajósenye', 4, NULL, NULL),
(618, 'Arnót', 4, NULL, NULL),
(619, 'Sajópálfala', 4, NULL, NULL),
(620, 'Gesztely', 4, NULL, NULL),
(621, 'Újcsanálos', 4, NULL, NULL),
(622, 'Sóstófalva', 4, NULL, NULL),
(623, 'Alsódobsza', 4, NULL, NULL),
(624, 'Megyaszó', 4, NULL, NULL),
(625, 'Sajókaza', 4, NULL, NULL),
(626, 'Sajóivánka', 4, NULL, NULL),
(627, 'Felsőnyárád', 4, NULL, NULL),
(628, 'Dövény', 4, NULL, NULL),
(629, 'Jákfalva', 4, NULL, NULL),
(630, 'Felsőkelecsény', 4, NULL, NULL),
(631, 'Zubogy', 4, NULL, NULL),
(632, 'Ragály', 4, NULL, NULL),
(633, 'Trizs', 4, NULL, NULL),
(634, 'Imola', 4, NULL, NULL),
(635, 'Zádorfalva', 4, NULL, NULL),
(636, 'Alsószuha', 4, NULL, NULL),
(637, 'Szuhafő', 4, NULL, NULL),
(638, 'Kelemér', 4, NULL, NULL),
(639, 'Gömörszőlős', 4, NULL, NULL),
(640, 'Serényfalva', 4, NULL, NULL),
(641, 'Szuhakálló', 4, NULL, NULL),
(642, 'Kurityán', 4, NULL, NULL),
(643, 'Rudabánya', 4, NULL, NULL),
(644, 'Szuhogy', 4, NULL, NULL),
(645, 'Felsőtelekes', 4, NULL, NULL),
(646, 'Alsótelekes', 4, NULL, NULL),
(647, 'Kánó', 4, NULL, NULL),
(648, 'Izsófalva', 4, NULL, NULL),
(649, 'Rudolftelep', 4, NULL, NULL),
(650, 'Ormosbánya', 4, NULL, NULL),
(651, 'Múcsony', 4, NULL, NULL),
(652, 'Szendrőlád', 4, NULL, NULL),
(653, 'Szendrő', 4, NULL, NULL),
(654, 'Galvács', 4, NULL, NULL),
(655, 'Abod', 4, NULL, NULL),
(656, 'Szalonna', 4, NULL, NULL),
(657, 'Meszes', 4, NULL, NULL),
(658, 'Martonyi', 4, NULL, NULL),
(659, 'Perkupa', 4, NULL, NULL),
(660, 'Varbóc', 4, NULL, NULL),
(661, 'Szőlősardó', 4, NULL, NULL),
(662, 'Égerszög', 4, NULL, NULL),
(663, 'Teresztenye', 4, NULL, NULL),
(664, 'Jósvafő', 4, NULL, NULL),
(665, 'Aggtelek', 4, NULL, NULL),
(666, 'Szin', 4, NULL, NULL),
(667, 'Szinpetri', 4, NULL, NULL),
(668, 'Tornakápolna', 4, NULL, NULL),
(669, 'Szögliget', 4, NULL, NULL),
(670, 'Bódvaszilas', 4, NULL, NULL),
(671, 'Bódvarákó', 4, NULL, NULL),
(672, 'Komjáti', 4, NULL, NULL),
(673, 'Tornabarakony', 4, NULL, NULL),
(674, 'Tornaszentandrás', 4, NULL, NULL),
(675, 'Tornanádaska', 4, NULL, NULL),
(676, 'Hidvégardó', 4, NULL, NULL),
(677, 'Becskeháza', 4, NULL, NULL),
(678, 'Bódvalenke', 4, NULL, NULL),
(679, 'Tornaszentjakab', 4, NULL, NULL),
(680, 'Sajószentpéter', 4, NULL, NULL),
(681, 'Sajókápolna', 4, NULL, NULL),
(682, 'Sajólászlófalva', 4, NULL, NULL),
(683, 'Kondó', 4, NULL, NULL),
(684, 'Radostyán', 4, NULL, NULL),
(685, 'Parasznya', 4, NULL, NULL),
(686, 'Varbó', 4, NULL, NULL),
(687, 'Alacska', 4, NULL, NULL),
(688, 'Edelény', 4, NULL, NULL),
(689, 'Balajt', 4, NULL, NULL),
(690, 'Damak', 4, NULL, NULL),
(691, 'Ládbesenyő', 4, NULL, NULL),
(692, 'Lak', 4, NULL, NULL),
(693, 'Hegymeg', 4, NULL, NULL),
(694, 'Irota', 4, NULL, NULL),
(695, 'Szakácsi', 4, NULL, NULL),
(696, 'Tomor', 4, NULL, NULL),
(697, 'Sajókeresztúr', 4, NULL, NULL),
(698, 'Sajóbábony', 4, NULL, NULL),
(699, 'Sajóecseg', 4, NULL, NULL),
(700, 'Boldva', 4, NULL, NULL),
(701, 'Ziliz', 4, NULL, NULL),
(702, 'Hangács', 4, NULL, NULL),
(703, 'Nyomár', 4, NULL, NULL),
(704, 'Borsodszirák', 4, NULL, NULL),
(705, 'Szikszó', 4, NULL, NULL),
(706, 'Selyeb', 4, NULL, NULL),
(707, 'Abaújszolnok', 4, NULL, NULL),
(708, 'Nyésta', 4, NULL, NULL),
(709, 'Alsóvadász', 4, NULL, NULL),
(710, 'Homrogd', 4, NULL, NULL),
(711, 'Monaj', 4, NULL, NULL),
(712, 'Kupa', 4, NULL, NULL),
(713, 'Felsővadász', 4, NULL, NULL),
(714, 'Gadna', 4, NULL, NULL),
(715, 'Abaújlak', 4, NULL, NULL),
(716, 'Gagyvendégi', 4, NULL, NULL),
(717, 'Gagybátor', 4, NULL, NULL),
(718, 'Krasznokvajda', 4, NULL, NULL),
(719, 'Büttös', 4, NULL, NULL),
(720, 'Kány', 4, NULL, NULL),
(721, 'Keresztéte', 4, NULL, NULL),
(722, 'Pamlény', 4, NULL, NULL),
(723, 'Perecse', 4, NULL, NULL),
(724, 'Szászfa', 4, NULL, NULL),
(725, 'Rakaca', 4, NULL, NULL),
(726, 'Debréte', 4, NULL, NULL),
(727, 'Viszló', 4, NULL, NULL),
(728, 'Rakacaszend', 4, NULL, NULL),
(729, 'Kázsmárk', 4, NULL, NULL),
(730, 'Léh', 4, NULL, NULL),
(731, 'Rásonysápberencs', 4, NULL, NULL),
(732, 'Detek', 4, NULL, NULL),
(733, 'Beret', 4, NULL, NULL),
(734, 'Baktakék', 4, NULL, NULL),
(735, 'Felsőgagy', 4, NULL, NULL),
(736, 'Alsógagy', 4, NULL, NULL),
(737, 'Csenyéte', 4, NULL, NULL),
(738, 'Gagyapáti', 4, NULL, NULL),
(739, 'Aszaló', 4, NULL, NULL),
(740, 'Halmaj', 4, NULL, NULL),
(741, 'Kiskinizs', 4, NULL, NULL),
(742, 'Nagykinizs', 4, NULL, NULL),
(743, 'Szentistvánbaksa', 4, NULL, NULL),
(744, 'Hernádkércs', 4, NULL, NULL),
(745, 'Felsődobsza', 4, NULL, NULL),
(746, 'Csobád', 4, NULL, NULL),
(747, 'Forró', 4, NULL, NULL),
(748, 'Ináncs', 4, NULL, NULL),
(749, 'Hernádszentandrás', 4, NULL, NULL),
(750, 'Pere', 4, NULL, NULL),
(751, 'Hernádbűd', 4, NULL, NULL),
(752, 'Gibárt', 4, NULL, NULL),
(753, 'Fancsal', 4, NULL, NULL),
(754, 'Encs', 4, NULL, NULL),
(755, 'Szalaszend', 4, NULL, NULL),
(756, 'Fulókércs', 4, NULL, NULL),
(757, 'Fáj', 4, NULL, NULL),
(758, 'Szemere', 4, NULL, NULL),
(759, 'Litka', 4, NULL, NULL),
(760, 'Méra', 4, NULL, NULL),
(761, 'Novajidrány', 4, NULL, NULL),
(762, 'Garadna', 4, NULL, NULL),
(763, 'Hernádvécse', 4, NULL, NULL),
(764, 'Hernádpetri', 4, NULL, NULL),
(765, 'Pusztaradvány', 4, NULL, NULL),
(766, 'Hernádszurdok', 4, NULL, NULL),
(767, 'Hidasnémeti', 4, NULL, NULL),
(768, 'Tornyosnémeti', 4, NULL, NULL),
(769, 'Abaújszántó', 4, NULL, NULL),
(770, 'Baskó', 4, NULL, NULL),
(771, 'Sima', 4, NULL, NULL),
(772, 'Abaújkér', 4, NULL, NULL),
(773, 'Abaújalpár', 4, NULL, NULL),
(774, 'Boldogkőújfalu', 4, NULL, NULL),
(775, 'Boldogkőváralja', 4, NULL, NULL),
(776, 'Arka', 4, NULL, NULL),
(777, 'Korlát', 4, NULL, NULL),
(778, 'Hernádcéce', 4, NULL, NULL),
(779, 'Vizsoly', 4, NULL, NULL),
(780, 'Vilmány', 4, NULL, NULL),
(781, 'Hejce', 4, NULL, NULL),
(782, 'Fony', 4, NULL, NULL),
(783, 'Mogyoróska', 4, NULL, NULL),
(784, 'Regéc', 4, NULL, NULL),
(785, 'Göncruszka', 4, NULL, NULL),
(786, 'Gönc', 4, NULL, NULL),
(787, 'Telkibánya', 4, NULL, NULL),
(788, 'Zsujta', 4, NULL, NULL),
(789, 'Abaújvár', 4, NULL, NULL),
(790, 'Pányok', 4, NULL, NULL),
(791, 'Kéked', 4, NULL, NULL),
(792, 'Szerencs', 4, NULL, NULL),
(793, 'Bekecs', 4, NULL, NULL),
(794, 'Legyesbénye', 4, NULL, NULL),
(795, 'Monok', 4, NULL, NULL),
(796, 'Golop', 4, NULL, NULL),
(797, 'Tállya', 4, NULL, NULL),
(798, 'Rátka', 4, NULL, NULL),
(799, 'Mád', 4, NULL, NULL),
(800, 'Tokaj', 4, NULL, NULL),
(801, 'Tarcal', 4, NULL, NULL),
(802, 'Bodrogkeresztúr', 4, NULL, NULL),
(803, 'Bodrogkisfalud', 4, NULL, NULL),
(804, 'Szegi', 4, NULL, NULL),
(805, 'Szegilong', 4, NULL, NULL),
(806, 'Taktaszada', 4, NULL, NULL),
(807, 'Taktaharkány', 4, NULL, NULL),
(808, 'Taktakenéz', 4, NULL, NULL),
(809, 'Prügy', 4, NULL, NULL),
(810, 'Taktabáj', 4, NULL, NULL),
(811, 'Csobaj', 4, NULL, NULL),
(812, 'Tiszatardos', 4, NULL, NULL),
(813, 'Tiszaladány', 4, NULL, NULL),
(814, 'Mezőzombor', 4, NULL, NULL),
(815, 'Erdőbénye', 4, NULL, NULL),
(816, 'Olaszliszka', 4, NULL, NULL),
(817, 'Tolcsva', 4, NULL, NULL),
(818, 'Erdőhorváti', 4, NULL, NULL),
(819, 'Háromhuta', 4, NULL, NULL),
(820, 'Komlóska', 4, NULL, NULL),
(821, 'Vámosújfalu', 4, NULL, NULL),
(822, 'Sárazsadány', 4, NULL, NULL),
(823, 'Bodrogolaszi', 4, NULL, NULL),
(824, 'Sátoraljaújhely', 4, NULL, NULL),
(825, 'Sárospatak', 4, NULL, NULL),
(826, 'Györgytarló', 4, NULL, NULL),
(827, 'Kenézlő', 4, NULL, NULL),
(828, 'Viss', 4, NULL, NULL),
(829, 'Zalkod', 4, NULL, NULL),
(830, 'Hercegkút', 4, NULL, NULL),
(831, 'Makkoshotyka', 4, NULL, NULL),
(832, 'Vajdácska', 4, NULL, NULL),
(833, 'Karos', 4, NULL, NULL),
(834, 'Karcsa', 4, NULL, NULL),
(835, 'Pácin', 4, NULL, NULL),
(836, 'Nagyrozvágy', 4, NULL, NULL),
(837, 'Kisrozvágy', 4, NULL, NULL),
(838, 'Lácacséke', 4, NULL, NULL),
(839, 'Tiszakarád', 4, NULL, NULL),
(840, 'Tiszacsermely', 4, NULL, NULL),
(841, 'Cigánd', 4, NULL, NULL),
(842, 'Ricse', 4, NULL, NULL),
(843, 'Semjén', 4, NULL, NULL),
(844, 'Révleányvár', 4, NULL, NULL),
(845, 'Zemplénagárd', 4, NULL, NULL),
(846, 'Dámóc', 4, NULL, NULL),
(847, 'Alsóberecki', 4, NULL, NULL),
(848, 'Felsőberecki', 4, NULL, NULL),
(849, 'Bodroghalom', 4, NULL, NULL),
(850, 'Mikóháza', 4, NULL, NULL),
(851, 'Alsóregmec', 4, NULL, NULL),
(852, 'Felsőregmec', 4, NULL, NULL),
(853, 'Vilyvitány', 4, NULL, NULL),
(854, 'Kovácsvágás', 4, NULL, NULL),
(855, 'Vágáshuta', 4, NULL, NULL),
(856, 'Füzérradvány', 4, NULL, NULL),
(857, 'Pálháza', 4, NULL, NULL),
(858, 'Bózsva', 4, NULL, NULL),
(859, 'Filkeháza', 4, NULL, NULL),
(860, 'Füzérkajata', 4, NULL, NULL),
(861, 'Kishuta', 4, NULL, NULL),
(862, 'Nagyhuta', 4, NULL, NULL),
(863, 'Pusztafalu', 4, NULL, NULL),
(864, 'Füzér', 4, NULL, NULL),
(865, 'Füzérkomlós', 4, NULL, NULL),
(866, 'Nyíri', 4, NULL, NULL),
(867, 'Hollóháza', 4, NULL, NULL),
(868, 'Budapest - I. kerület', 5, NULL, NULL),
(869, 'Budapest - II. kerület', 5, NULL, NULL),
(870, 'Budapest - III. kerület', 5, NULL, NULL),
(871, 'Budapest - IV. kerület', 5, NULL, NULL),
(872, 'Budapest - V. kerület', 5, NULL, NULL),
(873, 'Budapest - VI. kerület', 5, NULL, NULL),
(874, 'Budapest - VII. kerület', 5, NULL, NULL),
(875, 'Budapest - VIII. kerület', 5, NULL, NULL),
(876, 'Budapest - IX. kerület', 5, NULL, NULL),
(877, 'Budapest - X. kerület', 5, NULL, NULL),
(878, 'Budapest - XI. kerület', 5, NULL, NULL),
(879, 'Budapest - XII. kerület', 5, NULL, NULL),
(880, 'Budapest - XIII. kerület', 5, NULL, NULL),
(881, 'Budapest - XIV. kerület', 5, NULL, NULL),
(882, 'Budapest - XV. kerület', 5, NULL, NULL),
(883, 'Budapest - XVI. kerület', 5, NULL, NULL),
(884, 'Budapest - XVII. kerület', 5, NULL, NULL),
(885, 'Budapest - XVIII. kerület', 5, NULL, NULL),
(886, 'Budapest - XIX. kerület', 5, NULL, NULL),
(887, 'Budapest - XX. kerület', 5, NULL, NULL),
(888, 'Budapest - XXI. kerület', 5, NULL, NULL),
(889, 'Budapest - XXII. kerület', 5, NULL, NULL),
(890, 'Budapest - XXIII. kerület', 5, NULL, NULL),
(891, 'Szeged', 6, NULL, NULL),
(892, 'Szentes', 6, NULL, NULL),
(893, 'Nagytőke', 6, NULL, NULL),
(894, 'Derekegyház', 6, NULL, NULL),
(895, 'Nagymágocs', 6, NULL, NULL),
(896, 'Árpádhalom', 6, NULL, NULL),
(897, 'Eperjes', 6, NULL, NULL),
(898, 'Fábiánsebestyén', 6, NULL, NULL),
(899, 'Mindszent', 6, NULL, NULL),
(900, 'Szegvár', 6, NULL, NULL),
(901, 'Mártély', 6, NULL, NULL),
(902, 'Csongrád', 6, NULL, NULL),
(903, 'Felgyő', 6, NULL, NULL),
(904, 'Tömörkény', 6, NULL, NULL),
(905, 'Csanytelek', 6, NULL, NULL),
(906, 'Szeged', 6, NULL, NULL),
(907, 'Algyő', 6, NULL, NULL),
(908, 'Újszentiván', 6, NULL, NULL),
(909, 'Kübekháza', 6, NULL, NULL),
(910, 'Tiszasziget', 6, NULL, NULL),
(911, 'Röszke', 6, NULL, NULL),
(912, 'Kistelek', 6, NULL, NULL),
(913, 'Sándorfalva', 6, NULL, NULL),
(914, 'Szatymaz', 6, NULL, NULL),
(915, 'Balástya', 6, NULL, NULL),
(916, 'Csengele', 6, NULL, NULL),
(917, 'Dóc', 6, NULL, NULL),
(918, 'Ópusztaszer', 6, NULL, NULL),
(919, 'Baks', 6, NULL, NULL),
(920, 'Pusztaszer', 6, NULL, NULL),
(921, 'Deszk', 6, NULL, NULL),
(922, 'Klárafalva', 6, NULL, NULL),
(923, 'Ferencszállás', 6, NULL, NULL),
(924, 'Kiszombor', 6, NULL, NULL),
(925, 'Domaszék', 6, NULL, NULL),
(926, 'Mórahalom', 6, NULL, NULL),
(927, 'Ásotthalom', 6, NULL, NULL),
(928, 'Öttömös', 6, NULL, NULL),
(929, 'Pusztamérges', 6, NULL, NULL),
(930, 'Ruzsa', 6, NULL, NULL),
(931, 'Zákányszék', 6, NULL, NULL),
(932, 'Zsombó', 6, NULL, NULL),
(933, 'Forráskút', 6, NULL, NULL),
(934, 'Üllés', 6, NULL, NULL),
(935, 'Bordány', 6, NULL, NULL),
(936, 'Hódmezővásárhely', 6, NULL, NULL),
(937, 'Székkutas', 6, NULL, NULL),
(938, 'Makó', 6, NULL, NULL),
(939, 'Királyhegyes', 6, NULL, NULL),
(940, 'Kövegy', 6, NULL, NULL),
(941, 'Csanádpalota', 6, NULL, NULL),
(942, 'Pitvaros', 6, NULL, NULL),
(943, 'Csanádalberti', 6, NULL, NULL),
(944, 'Ambrózfalva', 6, NULL, NULL),
(945, 'Nagyér', 6, NULL, NULL),
(946, 'Maroslele', 6, NULL, NULL),
(947, 'Földeák', 6, NULL, NULL),
(948, 'Óföldeák', 6, NULL, NULL),
(949, 'Apátfalva', 6, NULL, NULL),
(950, 'Magyarcsanád', 6, NULL, NULL),
(951, 'Nagylak', 6, NULL, NULL),
(952, 'Dunaújváros', 7, NULL, NULL),
(953, 'Nagyvenyim', 7, NULL, NULL),
(954, 'Mezőfalva', 7, NULL, NULL),
(955, 'Daruszentmiklós', 7, NULL, NULL),
(956, 'Előszállás', 7, NULL, NULL),
(957, 'Nagykarácsony', 7, NULL, NULL),
(958, 'Baracs', 7, NULL, NULL),
(959, 'Kisapostag', 7, NULL, NULL),
(960, 'Perkáta', 7, NULL, NULL),
(961, 'Szabadegyháza', 7, NULL, NULL),
(962, 'Sárosd', 7, NULL, NULL),
(963, 'Hantos', 7, NULL, NULL),
(964, 'Nagylók', 7, NULL, NULL),
(965, 'Százhalombatta', 7, NULL, NULL),
(966, 'Ercsi', 7, NULL, NULL),
(967, 'Iváncsa', 7, NULL, NULL),
(968, 'Beloiannisz', 7, NULL, NULL),
(969, 'Besnyő', 7, NULL, NULL),
(970, 'Adony', 7, NULL, NULL),
(971, 'Kulcs', 7, NULL, NULL),
(972, 'Rácalmás', 7, NULL, NULL),
(973, 'Tárnok', 7, NULL, NULL),
(974, 'Martonvásár', 7, NULL, NULL),
(975, 'Tordas', 7, NULL, NULL),
(976, 'Gyúró', 7, NULL, NULL),
(977, 'Ráckeresztúr', 7, NULL, NULL),
(978, 'Baracska', 7, NULL, NULL),
(979, 'Kajászó', 7, NULL, NULL),
(980, 'Vál', 7, NULL, NULL),
(981, 'Kápolnásnyék', 7, NULL, NULL),
(982, 'Pázmánd', 7, NULL, NULL),
(983, 'Vereb', 7, NULL, NULL),
(984, 'Velence', 7, NULL, NULL),
(985, 'Gárdony', 7, NULL, NULL),
(986, 'Pusztaszabolcs', 7, NULL, NULL),
(987, 'Sárbogárd', 7, NULL, NULL),
(988, 'Alap', 7, NULL, NULL),
(989, 'Alsószentiván', 7, NULL, NULL),
(990, 'Cece', 7, NULL, NULL),
(991, 'Sáregres', 7, NULL, NULL),
(992, 'Igar', 7, NULL, NULL),
(993, 'Mezőszilas', 7, NULL, NULL),
(994, 'Székesfehérvár', 7, NULL, NULL),
(995, 'Csór', 7, NULL, NULL),
(996, 'Moha', 7, NULL, NULL),
(997, 'Iszkaszentgyörgy', 7, NULL, NULL),
(998, 'Kincsesbánya', 7, NULL, NULL),
(999, 'Isztimér', 7, NULL, NULL),
(1000, 'Bakonykúti', 7, NULL, NULL),
(1001, 'Sárkeresztes', 7, NULL, NULL),
(1002, 'Fehérvárcsurgó', 7, NULL, NULL),
(1003, 'Bodajk', 7, NULL, NULL),
(1004, 'Balinka', 7, NULL, NULL),
(1005, 'Bakonycsernye', 7, NULL, NULL),
(1006, 'Mór', 7, NULL, NULL),
(1007, 'Nagyveleg', 7, NULL, NULL),
(1008, 'Pusztavám', 7, NULL, NULL),
(1009, 'Magyaralmás', 7, NULL, NULL),
(1010, 'Söréd', 7, NULL, NULL),
(1011, 'Csákberény', 7, NULL, NULL),
(1012, 'Csókakő', 7, NULL, NULL),
(1013, 'Bodmér', 7, NULL, NULL),
(1014, 'Zámoly', 7, NULL, NULL),
(1015, 'Gánt', 7, NULL, NULL),
(1016, 'Csákvár', 7, NULL, NULL),
(1017, 'Vértesboglár', 7, NULL, NULL),
(1018, 'Felcsút', 7, NULL, NULL),
(1019, 'Alcsútdoboz', 7, NULL, NULL),
(1020, 'Tabajd', 7, NULL, NULL),
(1021, 'Vértesacsa', 7, NULL, NULL),
(1022, 'Pátka', 7, NULL, NULL),
(1023, 'Lovasberény', 7, NULL, NULL),
(1024, 'Pákozd', 7, NULL, NULL),
(1025, 'Sukoró', 7, NULL, NULL),
(1026, 'Nadap', 7, NULL, NULL),
(1027, 'Várpalota', 7, NULL, NULL),
(1028, 'Pétfürdő', 7, NULL, NULL),
(1029, 'Tés', 7, NULL, NULL),
(1030, 'Seregélyes', 7, NULL, NULL),
(1031, 'Zichyújfalu', 7, NULL, NULL),
(1032, 'Tác', 7, NULL, NULL),
(1033, 'Csősz', 7, NULL, NULL),
(1034, 'Soponya', 7, NULL, NULL),
(1035, 'Káloz', 7, NULL, NULL),
(1036, 'Sárkeresztúr', 7, NULL, NULL),
(1037, 'Sárszentágota', 7, NULL, NULL),
(1038, 'Aba', 7, NULL, NULL),
(1039, 'Enying', 7, NULL, NULL),
(1040, 'Lepsény', 7, NULL, NULL),
(1041, 'Mezőszentgyörgy', 7, NULL, NULL),
(1042, 'Mátyásdomb', 7, NULL, NULL),
(1043, 'Dég', 7, NULL, NULL),
(1044, 'Lajoskomárom', 7, NULL, NULL),
(1045, 'Mezőkomárom', 7, NULL, NULL),
(1046, 'Szabadhídvég', 7, NULL, NULL),
(1047, 'Úrhida', 7, NULL, NULL),
(1048, 'Sárszentmihály', 7, NULL, NULL),
(1049, 'Sárkeszi', 7, NULL, NULL),
(1050, 'Nádasdladány', 7, NULL, NULL),
(1051, 'Jenő', 7, NULL, NULL),
(1052, 'Szabadbattyán', 7, NULL, NULL),
(1053, 'Kőszárhegy', 7, NULL, NULL),
(1054, 'Polgárdi', 7, NULL, NULL),
(1055, 'Kisláng', 7, NULL, NULL),
(1056, 'Füle', 7, NULL, NULL),
(1057, 'Győr', 8, NULL, NULL),
(1058, 'Vámosszabadi', 8, NULL, NULL),
(1059, 'Kisbajcs', 8, NULL, NULL),
(1060, 'Vének', 8, NULL, NULL),
(1061, 'Nagybajcs', 8, NULL, NULL),
(1062, 'Gönyű', 8, NULL, NULL),
(1063, 'Nagyszentjános', 8, NULL, NULL),
(1064, 'Bőny', 8, NULL, NULL),
(1065, 'Rétalap', 8, NULL, NULL),
(1066, 'Győrújbarát', 8, NULL, NULL),
(1067, 'Nyúl', 8, NULL, NULL),
(1068, 'Écs', 8, NULL, NULL),
(1069, 'Győrság', 8, NULL, NULL),
(1070, 'Pázmándfalu', 8, NULL, NULL),
(1071, 'Töltéstava', 8, NULL, NULL),
(1072, 'Bakonypéterd', 8, NULL, NULL),
(1073, 'Lázi', 8, NULL, NULL),
(1074, 'Pannonhalma', 8, NULL, NULL),
(1075, 'Ravazd', 8, NULL, NULL),
(1076, 'Tarjánpuszta', 8, NULL, NULL),
(1077, 'Győrasszonyfa', 8, NULL, NULL),
(1078, 'Tápszentmiklós', 8, NULL, NULL),
(1079, 'Táp', 8, NULL, NULL),
(1080, 'Nyalka', 8, NULL, NULL),
(1081, 'Mezőörs', 8, NULL, NULL),
(1082, 'Pér', 8, NULL, NULL),
(1083, 'Tét', 8, NULL, NULL),
(1084, 'Tényő', 8, NULL, NULL),
(1085, 'Sokorópátka', 8, NULL, NULL),
(1086, 'Koroncó', 8, NULL, NULL),
(1087, 'Győrszemere', 8, NULL, NULL),
(1088, 'Felpéc', 8, NULL, NULL),
(1089, 'Kajárpéc', 8, NULL, NULL),
(1090, 'Gyömöre', 8, NULL, NULL),
(1091, 'Szerecseny', 8, NULL, NULL),
(1092, 'Gyarmat', 8, NULL, NULL),
(1093, 'Csikvánd', 8, NULL, NULL),
(1094, 'Mórichida', 8, NULL, NULL),
(1095, 'Árpás', 8, NULL, NULL),
(1096, 'Kisbabot', 8, NULL, NULL),
(1097, 'Rábaszentmiklós', 8, NULL, NULL),
(1098, 'Bodonhely', 8, NULL, NULL),
(1099, 'Rábaszentmihály', 8, NULL, NULL),
(1100, 'Rábacsécsény', 8, NULL, NULL),
(1101, 'Mérges', 8, NULL, NULL),
(1102, 'Ikrény', 8, NULL, NULL),
(1103, 'Rábapatona', 8, NULL, NULL),
(1104, 'Enese', 8, NULL, NULL),
(1105, 'Kóny', 8, NULL, NULL),
(1106, 'Bágyogszovát', 8, NULL, NULL),
(1107, 'Rábapordány', 8, NULL, NULL),
(1108, 'Dör', 8, NULL, NULL),
(1109, 'Abda', 8, NULL, NULL),
(1110, 'Börcs', 8, NULL, NULL),
(1111, 'Öttevény', 8, NULL, NULL),
(1112, 'Mosonszentmiklós', 8, NULL, NULL),
(1113, 'Lébény', 8, NULL, NULL),
(1114, 'Győrsövényház', 8, NULL, NULL),
(1115, 'Bezi', 8, NULL, NULL),
(1116, 'Fehértó', 8, NULL, NULL),
(1117, 'Markotabödöge', 8, NULL, NULL),
(1118, 'Rábcakapi', 8, NULL, NULL),
(1119, 'Cakóháza', 8, NULL, NULL),
(1120, 'Tárnokréti', 8, NULL, NULL),
(1121, 'Bősárkány', 8, NULL, NULL),
(1122, 'Jánossomorja', 8, NULL, NULL),
(1123, 'Acsalag', 8, NULL, NULL),
(1124, 'Csorna', 8, NULL, NULL),
(1125, 'Barbacs', 8, NULL, NULL),
(1126, 'Maglóca', 8, NULL, NULL),
(1127, 'Győrújfalu', 8, NULL, NULL),
(1128, 'Győrzámoly', 8, NULL, NULL),
(1129, 'Győrladamér', 8, NULL, NULL),
(1130, 'Dunaszeg', 8, NULL, NULL),
(1131, 'Dunaszentpál', 8, NULL, NULL),
(1132, 'Mecsér', 8, NULL, NULL),
(1133, 'Ásványráró', 8, NULL, NULL),
(1134, 'Hédervár', 8, NULL, NULL),
(1135, 'Kimle', 8, NULL, NULL),
(1136, 'Károlyháza', 8, NULL, NULL),
(1137, 'Kunsziget', 8, NULL, NULL),
(1138, 'Mosonmagyaróvár', 8, NULL, NULL),
(1139, 'Feketeerdő', 8, NULL, NULL),
(1140, 'Levél', 8, NULL, NULL),
(1141, 'Hegyeshalom', 8, NULL, NULL),
(1142, 'Bezenye', 8, NULL, NULL),
(1143, 'Rajka', 8, NULL, NULL),
(1144, 'Dunakiliti', 8, NULL, NULL),
(1145, 'Dunasziget', 8, NULL, NULL),
(1146, 'Halászi', 8, NULL, NULL),
(1147, 'Máriakálnok', 8, NULL, NULL),
(1148, 'Darnózseli', 8, NULL, NULL),
(1149, 'Lipót', 8, NULL, NULL),
(1150, 'Kisbodak', 8, NULL, NULL),
(1151, 'Püski', 8, NULL, NULL),
(1152, 'Dunaremete', 8, NULL, NULL),
(1153, 'Várbalog', 8, NULL, NULL),
(1154, 'Újrónafő', 8, NULL, NULL),
(1155, 'Mosonszolnok', 8, NULL, NULL),
(1156, 'Mosonudvar', 8, NULL, NULL),
(1157, 'Pásztori', 8, NULL, NULL),
(1158, 'Szilsárkány', 8, NULL, NULL),
(1159, 'Rábacsanak', 8, NULL, NULL),
(1160, 'Egyed', 8, NULL, NULL),
(1161, 'Sobor', 8, NULL, NULL),
(1162, 'Rábaszentandrás', 8, NULL, NULL),
(1163, 'Szany', 8, NULL, NULL),
(1164, 'Farád', 8, NULL, NULL),
(1165, 'Rábatamási', 8, NULL, NULL),
(1166, 'Jobaháza', 8, NULL, NULL),
(1167, 'Bogyoszló', 8, NULL, NULL),
(1168, 'Potyond', 8, NULL, NULL),
(1169, 'Sopronnémeti', 8, NULL, NULL),
(1170, 'Szil', 8, NULL, NULL),
(1171, 'Vág', 8, NULL, NULL),
(1172, 'Rábasebes', 8, NULL, NULL),
(1173, 'Kapuvár', 8, NULL, NULL),
(1174, 'Kisfalud', 8, NULL, NULL),
(1175, 'Mihályi', 8, NULL, NULL),
(1176, 'Beled', 8, NULL, NULL),
(1177, 'Edve', 8, NULL, NULL),
(1178, 'Vásárosfalu', 8, NULL, NULL),
(1179, 'Rábakecöl', 8, NULL, NULL),
(1180, 'Páli', 8, NULL, NULL),
(1181, 'Magyarkeresztúr', 8, NULL, NULL),
(1182, 'Vadosfa', 8, NULL, NULL),
(1183, 'Zsebeháza', 8, NULL, NULL),
(1184, 'Babót', 8, NULL, NULL),
(1185, 'Veszkény', 8, NULL, NULL),
(1186, 'Szárföld', 8, NULL, NULL),
(1187, 'Osli', 8, NULL, NULL),
(1188, 'Hövej', 8, NULL, NULL),
(1189, 'Himod', 8, NULL, NULL),
(1190, 'Gyóró', 8, NULL, NULL),
(1191, 'Cirák', 8, NULL, NULL),
(1192, 'Dénesfa', 8, NULL, NULL),
(1193, 'Vitnyéd', 8, NULL, NULL),
(1194, 'Csapod', 8, NULL, NULL),
(1195, 'Pusztacsalád', 8, NULL, NULL),
(1196, 'Iván', 8, NULL, NULL),
(1197, 'Répceszemere', 8, NULL, NULL),
(1198, 'Csáfordjánosfa', 8, NULL, NULL),
(1199, 'Csér', 8, NULL, NULL),
(1200, 'Sopron', 8, NULL, NULL),
(1201, 'Fertőrákos', 8, NULL, NULL),
(1202, 'Harka', 8, NULL, NULL),
(1203, 'Ágfalva', 8, NULL, NULL),
(1204, 'Fertőd', 8, NULL, NULL),
(1205, 'Sarród', 8, NULL, NULL),
(1206, 'Fertőszéplak', 8, NULL, NULL),
(1207, 'Hegykő', 8, NULL, NULL),
(1208, 'Agyagosszergény', 8, NULL, NULL),
(1209, 'Fertőendréd', 8, NULL, NULL),
(1210, 'Petőháza', 8, NULL, NULL),
(1211, 'Fertőszentmiklós', 8, NULL, NULL),
(1212, 'Röjtökmuzsaj', 8, NULL, NULL),
(1213, 'Ebergőc', 8, NULL, NULL),
(1214, 'Lövő', 8, NULL, NULL),
(1215, 'Völcsej', 8, NULL, NULL),
(1216, 'Sopronhorpács', 8, NULL, NULL),
(1217, 'Und', 8, NULL, NULL),
(1218, 'Nemeskér', 8, NULL, NULL),
(1219, 'Újkér', 8, NULL, NULL),
(1220, 'Egyházasfalu', 8, NULL, NULL),
(1221, 'Szakony', 8, NULL, NULL),
(1222, 'Gyalóka', 8, NULL, NULL),
(1223, 'Répcevis', 8, NULL, NULL),
(1224, 'Zsira', 8, NULL, NULL),
(1225, 'Pinnye', 8, NULL, NULL),
(1226, 'Nagylózs', 8, NULL, NULL),
(1227, 'Sopronkövesd', 8, NULL, NULL),
(1228, 'Pereszteg', 8, NULL, NULL),
(1229, 'Nagycenk', 8, NULL, NULL),
(1230, 'Hidegség', 8, NULL, NULL),
(1231, 'Fertőhomok', 8, NULL, NULL),
(1232, 'Fertőboz', 8, NULL, NULL),
(1233, 'Kópháza', 8, NULL, NULL),
(1234, 'Debrecen', 9, NULL, NULL),
(1235, 'Balmazújváros', 9, NULL, NULL),
(1236, 'Nagyhegyes', 9, NULL, NULL),
(1237, 'Újszentmargita', 9, NULL, NULL),
(1238, 'Tiszacsege', 9, NULL, NULL),
(1239, 'Egyek', 9, NULL, NULL),
(1240, 'Hortobágy', 9, NULL, NULL),
(1241, 'Hajdúböszörmény', 9, NULL, NULL),
(1242, 'Görbeháza', 9, NULL, NULL),
(1243, 'Hajdúnánás', 9, NULL, NULL),
(1244, 'Hajdúdorog', 9, NULL, NULL),
(1245, 'Polgár', 9, NULL, NULL),
(1246, 'Folyás', 9, NULL, NULL),
(1247, 'Újtikos', 9, NULL, NULL),
(1248, 'Tiszagyulaháza', 9, NULL, NULL),
(1249, 'Berettyóújfalu', 9, NULL, NULL),
(1250, 'Biharkeresztes', 9, NULL, NULL),
(1251, 'Bojt', 9, NULL, NULL),
(1252, 'Ártánd', 9, NULL, NULL),
(1253, 'Berekböszörmény', 9, NULL, NULL),
(1254, 'Told', 9, NULL, NULL),
(1255, 'Mezőpeterd', 9, NULL, NULL),
(1256, 'Váncsod', 9, NULL, NULL),
(1257, 'Szentpéterszeg', 9, NULL, NULL),
(1258, 'Gáborján', 9, NULL, NULL),
(1259, 'Hencida', 9, NULL, NULL),
(1260, 'Esztár', 9, NULL, NULL),
(1261, 'Pocsaj', 9, NULL, NULL),
(1262, 'Kismarja', 9, NULL, NULL),
(1263, 'Nagykereki', 9, NULL, NULL),
(1264, 'Bedő', 9, NULL, NULL),
(1265, 'Derecske', 9, NULL, NULL),
(1266, 'Tépe', 9, NULL, NULL),
(1267, 'Konyár', 9, NULL, NULL),
(1268, 'Mezősas', 9, NULL, NULL),
(1269, 'Körösszegapáti', 9, NULL, NULL),
(1270, 'Körösszakál', 9, NULL, NULL),
(1271, 'Magyarhomorog', 9, NULL, NULL),
(1272, 'Komádi', 9, NULL, NULL),
(1273, 'Furta', 9, NULL, NULL),
(1274, 'Zsáka', 9, NULL, NULL),
(1275, 'Vekerd', 9, NULL, NULL),
(1276, 'Darvas', 9, NULL, NULL),
(1277, 'Csökmő', 9, NULL, NULL),
(1278, 'Újiráz', 9, NULL, NULL),
(1279, 'Püspökladány', 9, NULL, NULL),
(1280, 'Báránd', 9, NULL, NULL),
(1281, 'Szerep', 9, NULL, NULL),
(1282, 'Bakonszeg', 9, NULL, NULL),
(1283, 'Sárrétudvari', 9, NULL, NULL),
(1284, 'Biharnagybajom', 9, NULL, NULL),
(1285, 'Nagyrábé', 9, NULL, NULL),
(1286, 'Bihartorda', 9, NULL, NULL),
(1287, 'Bihardancsháza', 9, NULL, NULL),
(1288, 'Sáp', 9, NULL, NULL),
(1289, 'Földes', 9, NULL, NULL),
(1290, 'Nádudvar', 9, NULL, NULL),
(1291, 'Kaba', 9, NULL, NULL),
(1292, 'Tetétlen', 9, NULL, NULL),
(1293, 'Hajdúszoboszló', 9, NULL, NULL),
(1294, 'Ebes', 9, NULL, NULL),
(1295, 'Hajdúszovát', 9, NULL, NULL),
(1296, 'Bököny', 9, NULL, NULL),
(1297, 'Geszteréd', 9, NULL, NULL),
(1298, 'Balkány', 9, NULL, NULL),
(1299, 'Szakoly', 9, NULL, NULL),
(1300, 'Biri', 9, NULL, NULL),
(1301, 'Bocskaikert', 9, NULL, NULL),
(1302, 'Hajdúhadház', 9, NULL, NULL),
(1303, 'Téglás', 9, NULL, NULL),
(1304, 'Újfehértó', 9, NULL, NULL),
(1305, 'Érpatak', 9, NULL, NULL),
(1306, 'Nyíregyháza', 9, NULL, NULL),
(1307, 'Hajdúsámson', 9, NULL, NULL),
(1308, 'Nyíradony', 9, NULL, NULL),
(1309, 'Nyíracsád', 9, NULL, NULL),
(1310, 'Nyírmártonfalva', 9, NULL, NULL),
(1311, 'Nyírábrány', 9, NULL, NULL),
(1312, 'Fülöp', 9, NULL, NULL),
(1313, 'Penészlek', 9, NULL, NULL),
(1314, 'Mikepércs', 9, NULL, NULL),
(1315, 'Sáránd', 9, NULL, NULL),
(1316, 'Hajdúbagos', 9, NULL, NULL),
(1317, 'Hosszúpályi', 9, NULL, NULL),
(1318, 'Monostorpályi', 9, NULL, NULL),
(1319, 'Létavértes', 9, NULL, NULL),
(1320, 'Kokad', 9, NULL, NULL),
(1321, 'Álmosd', 9, NULL, NULL),
(1322, 'Bagamér', 9, NULL, NULL),
(1323, 'Vámospércs', 9, NULL, NULL),
(1324, 'Újléta', 9, NULL, NULL),
(1325, 'Hatvan', 10, NULL, NULL),
(1326, 'Kerekharaszt', 10, NULL, NULL),
(1327, 'Heréd', 10, NULL, NULL),
(1328, 'Nagykökényes', 10, NULL, NULL),
(1329, 'Ecséd', 10, NULL, NULL),
(1330, 'Hort', 10, NULL, NULL),
(1331, 'Csány', 10, NULL, NULL),
(1332, 'Boldog', 10, NULL, NULL),
(1333, 'Lőrinci', 10, NULL, NULL),
(1334, 'Petőfibánya', 10, NULL, NULL),
(1335, 'Zagyvaszántó', 10, NULL, NULL),
(1336, 'Apc', 10, NULL, NULL),
(1337, 'Rózsaszentmárton', 10, NULL, NULL),
(1338, 'Szűcsi', 10, NULL, NULL),
(1339, 'Gyöngyöspata', 10, NULL, NULL),
(1340, 'Gyöngyöstarján', 10, NULL, NULL),
(1341, 'Gyöngyös', 10, NULL, NULL),
(1342, 'Gyöngyösoroszi', 10, NULL, NULL),
(1343, 'Gyöngyöshalász', 10, NULL, NULL),
(1344, 'Atkár', 10, NULL, NULL),
(1345, 'Nagyréde', 10, NULL, NULL),
(1346, 'Gyöngyössolymos', 10, NULL, NULL),
(1347, 'Mátraszentimre', 10, NULL, NULL),
(1348, 'Parád', 10, NULL, NULL),
(1349, 'Parádsasvár', 10, NULL, NULL),
(1350, 'Bodony', 10, NULL, NULL),
(1351, 'Recsk', 10, NULL, NULL),
(1352, 'Mátraderecske', 10, NULL, NULL),
(1353, 'Mátraballa', 10, NULL, NULL),
(1354, 'Ivád', 10, NULL, NULL),
(1355, 'Pétervására', 10, NULL, NULL),
(1356, 'Erdőkövesd', 10, NULL, NULL),
(1357, 'Istenmezeje', 10, NULL, NULL),
(1358, 'Váraszó', 10, NULL, NULL),
(1359, 'Fedémes', 10, NULL, NULL),
(1360, 'Kisfüzes', 10, NULL, NULL),
(1361, 'Bükkszenterzsébet', 10, NULL, NULL),
(1362, 'Tarnalelesz', 10, NULL, NULL),
(1363, 'Szentdomonkos', 10, NULL, NULL),
(1364, 'Abasár', 10, NULL, NULL),
(1365, 'Pálosvörösmart', 10, NULL, NULL),
(1366, 'Markaz', 10, NULL, NULL),
(1367, 'Domoszló', 10, NULL, NULL),
(1368, 'Kisnána', 10, NULL, NULL),
(1369, 'Vécs', 10, NULL, NULL),
(1370, 'Visonta', 10, NULL, NULL),
(1371, 'Halmajugra', 10, NULL, NULL),
(1372, 'Ludas', 10, NULL, NULL),
(1373, 'Detk', 10, NULL, NULL),
(1374, 'Karácsond', 10, NULL, NULL),
(1375, 'Nagyfüged', 10, NULL, NULL),
(1376, 'Tarnazsadány', 10, NULL, NULL),
(1377, 'Tarnaméra', 10, NULL, NULL),
(1378, 'Vámosgyörk', 10, NULL, NULL),
(1379, 'Adács', 10, NULL, NULL),
(1380, 'Visznek', 10, NULL, NULL),
(1381, 'Tarnaörs', 10, NULL, NULL),
(1382, 'Erk', 10, NULL, NULL),
(1383, 'Zaránk', 10, NULL, NULL),
(1384, 'Eger', 10, NULL, NULL),
(1385, 'Egerbakta', 10, NULL, NULL),
(1386, 'Hevesaranyos', 10, NULL, NULL),
(1387, 'Szarvaskő', 10, NULL, NULL),
(1388, 'Felsőtárkány', 10, NULL, NULL),
(1389, 'Noszvaj', 10, NULL, NULL),
(1390, 'Ostoros', 10, NULL, NULL),
(1391, 'Novaj', 10, NULL, NULL),
(1392, 'Egerszólát', 10, NULL, NULL),
(1393, 'Tarnaszentmária', 10, NULL, NULL),
(1394, 'Sirok', 10, NULL, NULL),
(1395, 'Terpes', 10, NULL, NULL),
(1396, 'Szajla', 10, NULL, NULL),
(1397, 'Bükkszék', 10, NULL, NULL),
(1398, 'Bátor', 10, NULL, NULL),
(1399, 'Egerbocs', 10, NULL, NULL),
(1400, 'Egercsehi', 10, NULL, NULL),
(1401, 'Szúcs', 10, NULL, NULL),
(1402, 'Bekölce', 10, NULL, NULL),
(1403, 'Mikófalva', 10, NULL, NULL),
(1404, 'Mónosbél', 10, NULL, NULL),
(1405, 'Bélapátfalva', 10, NULL, NULL),
(1406, 'Bükkszentmárton', 10, NULL, NULL),
(1407, 'Balaton', 10, NULL, NULL),
(1408, 'Szilvásvárad', 10, NULL, NULL),
(1409, 'Nagyvisnyó', 10, NULL, NULL),
(1410, 'Kál', 10, NULL, NULL),
(1411, 'Verpelét', 10, NULL, NULL),
(1412, 'Feldebrő', 10, NULL, NULL),
(1413, 'Aldebrő', 10, NULL, NULL),
(1414, 'Tófalu', 10, NULL, NULL),
(1415, 'Kápolna', 10, NULL, NULL),
(1416, 'Kompolt', 10, NULL, NULL),
(1417, 'Nagyút', 10, NULL, NULL),
(1418, 'Erdőtelek', 10, NULL, NULL),
(1419, 'Tenk', 10, NULL, NULL),
(1420, 'Heves', 10, NULL, NULL),
(1421, 'Boconád', 10, NULL, NULL),
(1422, 'Tarnabod', 10, NULL, NULL),
(1423, 'Átány', 10, NULL, NULL),
(1424, 'Kömlő', 10, NULL, NULL),
(1425, 'Besenyőtelek', 10, NULL, NULL),
(1426, 'Dormánd', 10, NULL, NULL),
(1427, 'Mezőtárkány', 10, NULL, NULL),
(1428, 'Szihalom', 10, NULL, NULL),
(1429, 'Mezőszemere', 10, NULL, NULL),
(1430, 'Egerfarmos', 10, NULL, NULL),
(1431, 'Pély', 10, NULL, NULL),
(1432, 'Tarnaszentmiklós', 10, NULL, NULL),
(1433, 'Hevesvezekény', 10, NULL, NULL),
(1434, 'Kisköre', 10, NULL, NULL),
(1435, 'Tiszanána', 10, NULL, NULL),
(1436, 'Sarud', 10, NULL, NULL),
(1437, 'Újlőrincfalva', 10, NULL, NULL),
(1438, 'Poroszló', 10, NULL, NULL),
(1439, 'Füzesabony', 10, NULL, NULL),
(1440, 'Egerszalók', 10, NULL, NULL),
(1441, 'Demjén', 10, NULL, NULL),
(1442, 'Kerecsend', 10, NULL, NULL),
(1443, 'Maklár', 10, NULL, NULL),
(1444, 'Nagytálya', 10, NULL, NULL),
(1445, 'Andornaktálya', 10, NULL, NULL),
(1446, 'Szolnok', 11, NULL, NULL),
(1447, 'Zagyvarékas', 11, NULL, NULL),
(1448, 'Újszász', 11, NULL, NULL),
(1449, 'Szászberek', 11, NULL, NULL),
(1450, 'Jászalsószentgyörgy', 11, NULL, NULL),
(1451, 'Jászladány', 11, NULL, NULL),
(1452, 'Tiszasüly', 11, NULL, NULL),
(1453, 'Kőtelek', 11, NULL, NULL),
(1454, 'Hunyadfalva', 11, NULL, NULL),
(1455, 'Csataszög', 11, NULL, NULL),
(1456, 'Nagykörű', 11, NULL, NULL),
(1457, 'Besenyszög', 11, NULL, NULL),
(1458, 'Szajol', 11, NULL, NULL),
(1459, 'Tiszatenyő', 11, NULL, NULL),
(1460, 'Kengyel', 11, NULL, NULL),
(1461, 'Rákócziújfalu', 11, NULL, NULL),
(1462, 'Rákóczifalva', 11, NULL, NULL),
(1463, 'Tószeg', 11, NULL, NULL),
(1464, 'Tiszavárkony', 11, NULL, NULL),
(1465, 'Vezseny', 11, NULL, NULL),
(1466, 'Tiszajenő', 11, NULL, NULL),
(1467, 'Jászberény', 11, NULL, NULL),
(1468, 'Jászfelsőszentgyörgy', 11, NULL, NULL),
(1469, 'Jászjákóhalma', 11, NULL, NULL),
(1470, 'Jászdózsa', 11, NULL, NULL),
(1471, 'Jászárokszállás', 11, NULL, NULL),
(1472, 'Jászágó', 11, NULL, NULL),
(1473, 'Pusztamonostor', 11, NULL, NULL),
(1474, 'Jászfényszaru', 11, NULL, NULL),
(1475, 'Jászapáti', 11, NULL, NULL),
(1476, 'Jászivány', 11, NULL, NULL),
(1477, 'Jászszentandrás', 11, NULL, NULL),
(1478, 'Jászkisér', 11, NULL, NULL),
(1479, 'Jásztelek', 11, NULL, NULL),
(1480, 'Alattyán', 11, NULL, NULL),
(1481, 'Jánoshida', 11, NULL, NULL),
(1482, 'Jászboldogháza', 11, NULL, NULL),
(1483, 'Törökszentmiklós', 11, NULL, NULL),
(1484, 'Tiszapüspöki', 11, NULL, NULL),
(1485, 'Fegyvernek', 11, NULL, NULL),
(1486, 'Örményes', 11, NULL, NULL),
(1487, 'Tiszabő', 11, NULL, NULL),
(1488, 'Tiszagyenda', 11, NULL, NULL),
(1489, 'Tiszaroff', 11, NULL, NULL),
(1490, 'Tiszabura', 11, NULL, NULL),
(1491, 'Abádszalók', 11, NULL, NULL),
(1492, 'Tiszaderzs', 11, NULL, NULL),
(1493, 'Tiszaszőlős', 11, NULL, NULL),
(1494, 'Karcag', 11, NULL, NULL),
(1495, 'Berekfürdő', 11, NULL, NULL),
(1496, 'Kisújszállás', 11, NULL, NULL),
(1497, 'Kunmadaras', 11, NULL, NULL),
(1498, 'Tiszaszentimre', 11, NULL, NULL),
(1499, 'Tomajmonostora', 11, NULL, NULL),
(1500, 'Kenderes', 11, NULL, NULL),
(1501, 'Kunhegyes', 11, NULL, NULL),
(1502, 'Tiszafüred', 11, NULL, NULL),
(1503, 'Tiszaigar', 11, NULL, NULL),
(1504, 'Tiszaörs', 11, NULL, NULL);
INSERT INTO `towns` (`id`, `town`, `county_id`, `created_at`, `updated_at`) VALUES
(1505, 'Nagyiván', 11, NULL, NULL),
(1506, 'Mezőtúr', 11, NULL, NULL),
(1507, 'Kétpó', 11, NULL, NULL),
(1508, 'Kuncsorba', 11, NULL, NULL),
(1509, 'Túrkeve', 11, NULL, NULL),
(1510, 'Tiszaföldvár', 11, NULL, NULL),
(1511, 'Martfű', 11, NULL, NULL),
(1512, 'Kunszentmárton', 11, NULL, NULL),
(1513, 'Öcsöd', 11, NULL, NULL),
(1514, 'Mesterszállás', 11, NULL, NULL),
(1515, 'Mezőhék', 11, NULL, NULL),
(1516, 'Cibakháza', 11, NULL, NULL),
(1517, 'Nagyrév', 11, NULL, NULL),
(1518, 'Tiszainoka', 11, NULL, NULL),
(1519, 'Cserkeszőlő', 11, NULL, NULL),
(1520, 'Tiszakürt', 11, NULL, NULL),
(1521, 'Tiszasas', 11, NULL, NULL),
(1522, 'Csépa', 11, NULL, NULL),
(1523, 'Szelevény', 11, NULL, NULL),
(1524, 'Esztergom', 12, NULL, NULL),
(1525, 'Dorog', 12, NULL, NULL),
(1526, 'Kesztölc', 12, NULL, NULL),
(1527, 'Leányvár', 12, NULL, NULL),
(1528, 'Piliscsév', 12, NULL, NULL),
(1529, 'Csolnok', 12, NULL, NULL),
(1530, 'Dág', 12, NULL, NULL),
(1531, 'Sárisáp', 12, NULL, NULL),
(1532, 'Nagysáp', 12, NULL, NULL),
(1533, 'Bajna', 12, NULL, NULL),
(1534, 'Epöl', 12, NULL, NULL),
(1535, 'Máriahalom', 12, NULL, NULL),
(1536, 'Úny', 12, NULL, NULL),
(1537, 'Annavölgy', 12, NULL, NULL),
(1538, 'Tokod', 12, NULL, NULL),
(1539, 'Tokodaltáró', 12, NULL, NULL),
(1540, 'Bajót', 12, NULL, NULL),
(1541, 'Tát', 12, NULL, NULL),
(1542, 'Mogyorósbánya', 12, NULL, NULL),
(1543, 'Nyergesújfalu', 12, NULL, NULL),
(1544, 'Lábatlan', 12, NULL, NULL),
(1545, 'Süttő', 12, NULL, NULL),
(1546, 'Neszmély', 12, NULL, NULL),
(1547, 'Dunaalmás', 12, NULL, NULL),
(1548, 'Tatabánya', 12, NULL, NULL),
(1549, 'Gyermely', 12, NULL, NULL),
(1550, 'Szomor', 12, NULL, NULL),
(1551, 'Vértessomló', 12, NULL, NULL),
(1552, 'Várgesztes', 12, NULL, NULL),
(1553, 'Tarján', 12, NULL, NULL),
(1554, 'Héreg', 12, NULL, NULL),
(1555, 'Vértestolna', 12, NULL, NULL),
(1556, 'Tardos', 12, NULL, NULL),
(1557, 'Tata', 12, NULL, NULL),
(1558, 'Baj', 12, NULL, NULL),
(1559, 'Vértesszőlős', 12, NULL, NULL),
(1560, 'Oroszlány', 12, NULL, NULL),
(1561, 'Környe', 12, NULL, NULL),
(1562, 'Kecskéd', 12, NULL, NULL),
(1563, 'Kömlőd', 12, NULL, NULL),
(1564, 'Dad', 12, NULL, NULL),
(1565, 'Bokod', 12, NULL, NULL),
(1566, 'Szákszend', 12, NULL, NULL),
(1567, 'Császár', 12, NULL, NULL),
(1568, 'Vérteskethely', 12, NULL, NULL),
(1569, 'Bakonysárkány', 12, NULL, NULL),
(1570, 'Aka', 12, NULL, NULL),
(1571, 'Kisbér', 12, NULL, NULL),
(1572, 'Ászár', 12, NULL, NULL),
(1573, 'Kerékteleki', 12, NULL, NULL),
(1574, 'Bársonyos', 12, NULL, NULL),
(1575, 'Bakonyszombathely', 12, NULL, NULL),
(1576, 'Bakonybánk', 12, NULL, NULL),
(1577, 'Réde', 12, NULL, NULL),
(1578, 'Ácsteszér', 12, NULL, NULL),
(1579, 'Csatka', 12, NULL, NULL),
(1580, 'Súr', 12, NULL, NULL),
(1581, 'Szomód', 12, NULL, NULL),
(1582, 'Dunaszentmiklós', 12, NULL, NULL),
(1583, 'Kocs', 12, NULL, NULL),
(1584, 'Naszály', 12, NULL, NULL),
(1585, 'Komárom', 12, NULL, NULL),
(1586, 'Mocsa', 12, NULL, NULL),
(1587, 'Almásfüzitő', 12, NULL, NULL),
(1588, 'Ács', 12, NULL, NULL),
(1589, 'Nagyigmánd', 12, NULL, NULL),
(1590, 'Bábolna', 12, NULL, NULL),
(1591, 'Tárkány', 12, NULL, NULL),
(1592, 'Bana', 12, NULL, NULL),
(1593, 'Csép', 12, NULL, NULL),
(1594, 'Ete', 12, NULL, NULL),
(1595, 'Kisigmánd', 12, NULL, NULL),
(1596, 'Csém', 12, NULL, NULL),
(1597, 'Szendehely', 13, NULL, NULL),
(1598, 'Berkenye', 13, NULL, NULL),
(1599, 'Nógrád', 13, NULL, NULL),
(1600, 'Diósjenő', 13, NULL, NULL),
(1601, 'Borsosberény', 13, NULL, NULL),
(1602, 'Nagyoroszi', 13, NULL, NULL),
(1603, 'Drégelypalánk', 13, NULL, NULL),
(1604, 'Hont', 13, NULL, NULL),
(1605, 'Patak', 13, NULL, NULL),
(1606, 'Dejtár', 13, NULL, NULL),
(1607, 'Rétság', 13, NULL, NULL),
(1608, 'Tereske', 13, NULL, NULL),
(1609, 'Bánk', 13, NULL, NULL),
(1610, 'Romhány', 13, NULL, NULL),
(1611, 'Kétbodony', 13, NULL, NULL),
(1612, 'Kisecset', 13, NULL, NULL),
(1613, 'Szente', 13, NULL, NULL),
(1614, 'Szátok', 13, NULL, NULL),
(1615, 'Tolmács', 13, NULL, NULL),
(1616, 'Horpács', 13, NULL, NULL),
(1617, 'Pusztaberki', 13, NULL, NULL),
(1618, 'Érsekvadkert', 13, NULL, NULL),
(1619, 'Balassagyarmat', 13, NULL, NULL),
(1620, 'Ipolyszög', 13, NULL, NULL),
(1621, 'Patvarc', 13, NULL, NULL),
(1622, 'Ipolyvece', 13, NULL, NULL),
(1623, 'Őrhalom', 13, NULL, NULL),
(1624, 'Hugyag', 13, NULL, NULL),
(1625, 'Csitár', 13, NULL, NULL),
(1626, 'Iliny', 13, NULL, NULL),
(1627, 'Nógrádmarcal', 13, NULL, NULL),
(1628, 'Cserhátsurány', 13, NULL, NULL),
(1629, 'Herencsény', 13, NULL, NULL),
(1630, 'Csesztve', 13, NULL, NULL),
(1631, 'Galgagyörk', 13, NULL, NULL),
(1632, 'Püspökhatvan', 13, NULL, NULL),
(1633, 'Acsa', 13, NULL, NULL),
(1634, 'Nógrádsáp', 13, NULL, NULL),
(1635, 'Galgaguta', 13, NULL, NULL),
(1636, 'Bercel', 13, NULL, NULL),
(1637, 'Vanyarc', 13, NULL, NULL),
(1638, 'Nógrádkövesd', 13, NULL, NULL),
(1639, 'Szécsénke', 13, NULL, NULL),
(1640, 'Becske', 13, NULL, NULL),
(1641, 'Magyarnándor', 13, NULL, NULL),
(1642, 'Cserháthaláp', 13, NULL, NULL),
(1643, 'Debercsény', 13, NULL, NULL),
(1644, 'Terény', 13, NULL, NULL),
(1645, 'Szanda', 13, NULL, NULL),
(1646, 'Mohora', 13, NULL, NULL),
(1647, 'Szügy', 13, NULL, NULL),
(1648, 'Héhalom', 13, NULL, NULL),
(1649, 'Palotás', 13, NULL, NULL),
(1650, 'Egyházasdengeleg', 13, NULL, NULL),
(1651, 'Szirák', 13, NULL, NULL),
(1652, 'Bér', 13, NULL, NULL),
(1653, 'Kisbágyon', 13, NULL, NULL),
(1654, 'Buják', 13, NULL, NULL),
(1655, 'Szarvasgede', 13, NULL, NULL),
(1656, 'Csécse', 13, NULL, NULL),
(1657, 'Ecseg', 13, NULL, NULL),
(1658, 'Kozárd', 13, NULL, NULL),
(1659, 'Pásztó', 13, NULL, NULL),
(1660, 'Jobbágyi', 13, NULL, NULL),
(1661, 'Szurdokpüspöki', 13, NULL, NULL),
(1662, 'Cserhátszentiván', 13, NULL, NULL),
(1663, 'Bokor', 13, NULL, NULL),
(1664, 'Kutasó', 13, NULL, NULL),
(1665, 'Felsőtold', 13, NULL, NULL),
(1666, 'Garáb', 13, NULL, NULL),
(1667, 'Mátraszőlős', 13, NULL, NULL),
(1668, 'Alsótold', 13, NULL, NULL),
(1669, 'Bátonyterenye', 13, NULL, NULL),
(1670, 'Tar', 13, NULL, NULL),
(1671, 'Sámsonháza', 13, NULL, NULL),
(1672, 'Nagybárkány', 13, NULL, NULL),
(1673, 'Kisbárkány', 13, NULL, NULL),
(1674, 'Márkháza', 13, NULL, NULL),
(1675, 'Mátraverebély', 13, NULL, NULL),
(1676, 'Salgótarján', 13, NULL, NULL),
(1677, 'Somoskőújfalu', 13, NULL, NULL),
(1678, 'Cered', 13, NULL, NULL),
(1679, 'Zabar', 13, NULL, NULL),
(1680, 'Szilaspogony', 13, NULL, NULL),
(1681, 'Bárna', 13, NULL, NULL),
(1682, 'Kazár', 13, NULL, NULL),
(1683, 'Vizslás', 13, NULL, NULL),
(1684, 'Lucfalva', 13, NULL, NULL),
(1685, 'Nagykeresztúr', 13, NULL, NULL),
(1686, 'Sóshartyán', 13, NULL, NULL),
(1687, 'Nógrádmegyer', 13, NULL, NULL),
(1688, 'Magyargéc', 13, NULL, NULL),
(1689, 'Piliny', 13, NULL, NULL),
(1690, 'Szécsényfelfalu', 13, NULL, NULL),
(1691, 'Etes', 13, NULL, NULL),
(1692, 'Karancsberény', 13, NULL, NULL),
(1693, 'Ipolytarnóc', 13, NULL, NULL),
(1694, 'Mátraszele', 13, NULL, NULL),
(1695, 'Mátranovák', 13, NULL, NULL),
(1696, 'Mátraterenye', 13, NULL, NULL),
(1697, 'Rákóczibánya', 13, NULL, NULL),
(1698, 'Nemti', 13, NULL, NULL),
(1699, 'Dorogháza', 13, NULL, NULL),
(1700, 'Szuha', 13, NULL, NULL),
(1701, 'Mátramindszent', 13, NULL, NULL),
(1702, 'Kishartyán', 13, NULL, NULL),
(1703, 'Ságújfalu', 13, NULL, NULL),
(1704, 'Karancsság', 13, NULL, NULL),
(1705, 'Szalmatercs', 13, NULL, NULL),
(1706, 'Endrefalva', 13, NULL, NULL),
(1707, 'Szécsény', 13, NULL, NULL),
(1708, 'Nagylóc', 13, NULL, NULL),
(1709, 'Hollókő', 13, NULL, NULL),
(1710, 'Rimóc', 13, NULL, NULL),
(1711, 'Varsány', 13, NULL, NULL),
(1712, 'Nógrádsipek', 13, NULL, NULL),
(1713, 'Karancsalja', 13, NULL, NULL),
(1714, 'Karancslapujtő', 13, NULL, NULL),
(1715, 'Karancskeszi', 13, NULL, NULL),
(1716, 'Mihálygerge', 13, NULL, NULL),
(1717, 'Egyházasgerge', 13, NULL, NULL),
(1718, 'Litke', 13, NULL, NULL),
(1719, 'Nógrádszakál', 13, NULL, NULL),
(1720, 'Ludányhalászi', 13, NULL, NULL),
(1721, 'Szentendre', 14, NULL, NULL),
(1722, 'Pilisszentlászló', 14, NULL, NULL),
(1723, 'Budakalász', 14, NULL, NULL),
(1724, 'Pomáz', 14, NULL, NULL),
(1725, 'Csobánka', 14, NULL, NULL),
(1726, 'Szigetmonostor', 14, NULL, NULL),
(1727, 'Leányfalu', 14, NULL, NULL),
(1728, 'Pócsmegyer', 14, NULL, NULL),
(1729, 'Tahitótfalu', 14, NULL, NULL),
(1730, 'Dunabogdány', 14, NULL, NULL),
(1731, 'Kisoroszi', 14, NULL, NULL),
(1732, 'Visegrád', 14, NULL, NULL),
(1733, 'Dömös', 14, NULL, NULL),
(1734, 'Pilismarót', 14, NULL, NULL),
(1735, 'Érd', 14, NULL, NULL),
(1736, 'Sóskút', 14, NULL, NULL),
(1737, 'Pusztazámor', 14, NULL, NULL),
(1738, 'Budaörs', 14, NULL, NULL),
(1739, 'Törökbálint', 14, NULL, NULL),
(1740, 'Diósd', 14, NULL, NULL),
(1741, 'Biatorbágy', 14, NULL, NULL),
(1742, 'Herceghalom', 14, NULL, NULL),
(1743, 'Bicske', 14, NULL, NULL),
(1744, 'Óbarok', 14, NULL, NULL),
(1745, 'Csabdi', 14, NULL, NULL),
(1746, 'Mány', 14, NULL, NULL),
(1747, 'Szár', 14, NULL, NULL),
(1748, 'Újbarok', 14, NULL, NULL),
(1749, 'Szárliget', 14, NULL, NULL),
(1750, 'Páty', 14, NULL, NULL),
(1751, 'Zsámbék', 14, NULL, NULL),
(1752, 'Tök', 14, NULL, NULL),
(1753, 'Perbál', 14, NULL, NULL),
(1754, 'Pilisjászfalu', 14, NULL, NULL),
(1755, 'Piliscsaba', 14, NULL, NULL),
(1756, 'Solymár', 14, NULL, NULL),
(1757, 'Pilisszentiván', 14, NULL, NULL),
(1758, 'Pilisvörösvár', 14, NULL, NULL),
(1759, 'Tinnye', 14, NULL, NULL),
(1760, 'Telki', 14, NULL, NULL),
(1761, 'Remeteszőlős', 14, NULL, NULL),
(1762, 'Etyek', 14, NULL, NULL),
(1763, 'Budakeszi', 14, NULL, NULL),
(1764, 'Budajenő', 14, NULL, NULL),
(1765, 'Nagykovácsi', 14, NULL, NULL),
(1766, 'Pilisszántó', 14, NULL, NULL),
(1767, 'Üröm', 14, NULL, NULL),
(1768, 'Pilisborosjenő', 14, NULL, NULL),
(1769, 'Pilisszentkereszt', 14, NULL, NULL),
(1770, 'Gödöllő', 14, NULL, NULL),
(1771, 'Szada', 14, NULL, NULL),
(1772, 'Veresegyház', 14, NULL, NULL),
(1773, 'Erdőkertes', 14, NULL, NULL),
(1774, 'Valkó', 14, NULL, NULL),
(1775, 'Vácszentlászló', 14, NULL, NULL),
(1776, 'Zsámbok', 14, NULL, NULL),
(1777, 'Isaszeg', 14, NULL, NULL),
(1778, 'Dány', 14, NULL, NULL),
(1779, 'Pécel', 14, NULL, NULL),
(1780, 'Dunakeszi', 14, NULL, NULL),
(1781, 'Göd', 14, NULL, NULL),
(1782, 'Sződliget', 14, NULL, NULL),
(1783, 'Sződ', 14, NULL, NULL),
(1784, 'Csörög', 14, NULL, NULL),
(1785, 'Csömör', 14, NULL, NULL),
(1786, 'Nagytarcsa', 14, NULL, NULL),
(1787, 'Kistarcsa', 14, NULL, NULL),
(1788, 'Kerepes', 14, NULL, NULL),
(1789, 'Mogyoród', 14, NULL, NULL),
(1790, 'Fót', 14, NULL, NULL),
(1791, 'Csomád', 14, NULL, NULL),
(1792, 'Őrbottyán', 14, NULL, NULL),
(1793, 'Vácrátót', 14, NULL, NULL),
(1794, 'Váchartyán', 14, NULL, NULL),
(1795, 'Kisnémedi', 14, NULL, NULL),
(1796, 'Püspökszilágy', 14, NULL, NULL),
(1797, 'Vácduka', 14, NULL, NULL),
(1798, 'Aszód', 14, NULL, NULL),
(1799, 'Kartal', 14, NULL, NULL),
(1800, 'Verseg', 14, NULL, NULL),
(1801, 'Kálló', 14, NULL, NULL),
(1802, 'Erdőkürt', 14, NULL, NULL),
(1803, 'Erdőtarcsa', 14, NULL, NULL),
(1804, 'Iklad', 14, NULL, NULL),
(1805, 'Domony', 14, NULL, NULL),
(1806, 'Galgamácsa', 14, NULL, NULL),
(1807, 'Vácegres', 14, NULL, NULL),
(1808, 'Váckisújfalu', 14, NULL, NULL),
(1809, 'Bag', 14, NULL, NULL),
(1810, 'Hévízgyörk', 14, NULL, NULL),
(1811, 'Galgahévíz', 14, NULL, NULL),
(1812, 'Tura', 14, NULL, NULL),
(1813, 'Monor', 14, NULL, NULL),
(1814, 'Péteri', 14, NULL, NULL),
(1815, 'Vasad', 14, NULL, NULL),
(1816, 'Csévharaszt', 14, NULL, NULL),
(1817, 'Monorierdő', 14, NULL, NULL),
(1818, 'Pánd', 14, NULL, NULL),
(1819, 'Káva', 14, NULL, NULL),
(1820, 'Bénye', 14, NULL, NULL),
(1821, 'Gomba', 14, NULL, NULL),
(1822, 'Vecsés', 14, NULL, NULL),
(1823, 'Üllő', 14, NULL, NULL),
(1824, 'Gyömrő', 14, NULL, NULL),
(1825, 'Ecser', 14, NULL, NULL),
(1826, 'Maglód', 14, NULL, NULL),
(1827, 'Mende', 14, NULL, NULL),
(1828, 'Sülysáp', 14, NULL, NULL),
(1829, 'Kóka', 14, NULL, NULL),
(1830, 'Úri', 14, NULL, NULL),
(1831, 'Tápiószecső', 14, NULL, NULL),
(1832, 'Tóalmás', 14, NULL, NULL),
(1833, 'Tápióság', 14, NULL, NULL),
(1834, 'Szentmártonkáta', 14, NULL, NULL),
(1835, 'Szentlőrinckáta', 14, NULL, NULL),
(1836, 'Ráckeve', 14, NULL, NULL),
(1837, 'Lórév', 14, NULL, NULL),
(1838, 'Szigetszentmiklós', 14, NULL, NULL),
(1839, 'Halásztelek', 14, NULL, NULL),
(1840, 'Szigethalom', 14, NULL, NULL),
(1841, 'Tököl', 14, NULL, NULL),
(1842, 'Szigetcsép', 14, NULL, NULL),
(1843, 'Szigetszentmárton', 14, NULL, NULL),
(1844, 'Szigetújfalu', 14, NULL, NULL),
(1845, 'Szigetbecse', 14, NULL, NULL),
(1846, 'Makád', 14, NULL, NULL),
(1847, 'Dunaharaszti', 14, NULL, NULL),
(1848, 'Taksony', 14, NULL, NULL),
(1849, 'Dunavarsány', 14, NULL, NULL),
(1850, 'Délegyháza', 14, NULL, NULL),
(1851, 'Áporka', 14, NULL, NULL),
(1852, 'Majosháza', 14, NULL, NULL),
(1853, 'Kiskunlacháza', 14, NULL, NULL),
(1854, 'Dömsöd', 14, NULL, NULL),
(1855, 'Apaj', 14, NULL, NULL),
(1856, 'Bugyi', 14, NULL, NULL),
(1857, 'Alsónémedi', 14, NULL, NULL),
(1858, 'Gyál', 14, NULL, NULL),
(1859, 'Felsőpakony', 14, NULL, NULL),
(1860, 'Ócsa', 14, NULL, NULL),
(1861, 'Inárcs', 14, NULL, NULL),
(1862, 'Kakucs', 14, NULL, NULL),
(1863, 'Újhartyán', 14, NULL, NULL),
(1864, 'Dabas', 14, NULL, NULL),
(1865, 'Tatárszentgyörgy', 14, NULL, NULL),
(1866, 'Hernád', 14, NULL, NULL),
(1867, 'Örkény', 14, NULL, NULL),
(1868, 'Pusztavacs', 14, NULL, NULL),
(1869, 'Táborfalva', 14, NULL, NULL),
(1870, 'Vác', 14, NULL, NULL),
(1871, 'Nőtincs', 14, NULL, NULL),
(1872, 'Ősagárd', 14, NULL, NULL),
(1873, 'Felsőpetény', 14, NULL, NULL),
(1874, 'Kosd', 14, NULL, NULL),
(1875, 'Rád', 14, NULL, NULL),
(1876, 'Penc', 14, NULL, NULL),
(1877, 'Csővár', 14, NULL, NULL),
(1878, 'Keszeg', 14, NULL, NULL),
(1879, 'Alsópetény', 14, NULL, NULL),
(1880, 'Nézsa', 14, NULL, NULL),
(1881, 'Legénd', 14, NULL, NULL),
(1882, 'Verőce', 14, NULL, NULL),
(1883, 'Kismaros', 14, NULL, NULL),
(1884, 'Szokolya', 14, NULL, NULL),
(1885, 'Kóspallag', 14, NULL, NULL),
(1886, 'Nagymaros', 14, NULL, NULL),
(1887, 'Zebegény', 14, NULL, NULL),
(1888, 'Szob', 14, NULL, NULL),
(1889, 'Márianosztra', 14, NULL, NULL),
(1890, 'Ipolydamásd', 14, NULL, NULL),
(1891, 'Letkés', 14, NULL, NULL),
(1892, 'Ipolytölgyes', 14, NULL, NULL),
(1893, 'Nagybörzsöny', 14, NULL, NULL),
(1894, 'Vámosmikola', 14, NULL, NULL),
(1895, 'Tésa', 14, NULL, NULL),
(1896, 'Perőcsény', 14, NULL, NULL),
(1897, 'Kemence', 14, NULL, NULL),
(1898, 'Bernecebaráti', 14, NULL, NULL),
(1899, 'Cegléd', 14, NULL, NULL),
(1900, 'Tápiószentmárton', 14, NULL, NULL),
(1901, 'Nyársapát', 14, NULL, NULL),
(1902, 'Csemő', 14, NULL, NULL),
(1903, 'Pilis', 14, NULL, NULL),
(1904, 'Nyáregyháza', 14, NULL, NULL),
(1905, 'Újlengyel', 14, NULL, NULL),
(1906, 'Albertirsa', 14, NULL, NULL),
(1907, 'Dánszentmiklós', 14, NULL, NULL),
(1908, 'Mikebuda', 14, NULL, NULL),
(1909, 'Ceglédbercel', 14, NULL, NULL),
(1910, 'Abony', 14, NULL, NULL),
(1911, 'Kőröstetétlen', 14, NULL, NULL),
(1912, 'Jászkarajenő', 14, NULL, NULL),
(1913, 'Törtel', 14, NULL, NULL),
(1914, 'Nagykőrös', 14, NULL, NULL),
(1915, 'Kocsér', 14, NULL, NULL),
(1916, 'Nagykáta', 14, NULL, NULL),
(1917, 'Tápióbicske', 14, NULL, NULL),
(1918, 'Farmos', 14, NULL, NULL),
(1919, 'Tápiószele', 14, NULL, NULL),
(1920, 'Tápiógyörgye', 14, NULL, NULL),
(1921, 'Újszilvás', 14, NULL, NULL),
(1922, 'Tápiószőlős', 14, NULL, NULL),
(1923, 'Kapospula', 15, NULL, NULL),
(1924, 'Attala', 15, NULL, NULL),
(1925, 'Csoma', 15, NULL, NULL),
(1926, 'Szabadi', 15, NULL, NULL),
(1927, 'Nagyberki', 15, NULL, NULL),
(1928, 'Kercseliget', 15, NULL, NULL),
(1929, 'Mosdós', 15, NULL, NULL),
(1930, 'Baté', 15, NULL, NULL),
(1931, 'Kaposkeresztúr', 15, NULL, NULL),
(1932, 'Taszár', 15, NULL, NULL),
(1933, 'Kaposhomok', 15, NULL, NULL),
(1934, 'Fonó', 15, NULL, NULL),
(1935, 'Gölle', 15, NULL, NULL),
(1936, 'Büssü', 15, NULL, NULL),
(1937, 'Kazsok', 15, NULL, NULL),
(1938, 'Igal', 15, NULL, NULL),
(1939, 'Somogyszil', 15, NULL, NULL),
(1940, 'Gadács', 15, NULL, NULL),
(1941, 'Kisgyalán', 15, NULL, NULL),
(1942, 'Bonnya', 15, NULL, NULL),
(1943, 'Kisbárapáti', 15, NULL, NULL),
(1944, 'Fiad', 15, NULL, NULL),
(1945, 'Somogyacsa', 15, NULL, NULL),
(1946, 'Somogydöröcske', 15, NULL, NULL),
(1947, 'Törökkoppány', 15, NULL, NULL),
(1948, 'Kára', 15, NULL, NULL),
(1949, 'Szorosad', 15, NULL, NULL),
(1950, 'Kaposvár', 15, NULL, NULL),
(1951, 'Zselickislak', 15, NULL, NULL),
(1952, 'Juta', 15, NULL, NULL),
(1953, 'Hetes', 15, NULL, NULL),
(1954, 'Csombárd', 15, NULL, NULL),
(1955, 'Mezőcsokonya', 15, NULL, NULL),
(1956, 'Somogysárd', 15, NULL, NULL),
(1957, 'Újvárfalva', 15, NULL, NULL),
(1958, 'Bodrog', 15, NULL, NULL),
(1959, 'Magyaregres', 15, NULL, NULL),
(1960, 'Várda', 15, NULL, NULL),
(1961, 'Somogyjád', 15, NULL, NULL),
(1962, 'Alsóbogát', 15, NULL, NULL),
(1963, 'Edde', 15, NULL, NULL),
(1964, 'Osztopán', 15, NULL, NULL),
(1965, 'Somogyaszaló', 15, NULL, NULL),
(1966, 'Mernye', 15, NULL, NULL),
(1967, 'Somodor', 15, NULL, NULL),
(1968, 'Somogygeszti', 15, NULL, NULL),
(1969, 'Felsőmocsolád', 15, NULL, NULL),
(1970, 'Ecseny', 15, NULL, NULL),
(1971, 'Polány', 15, NULL, NULL),
(1972, 'Orci', 15, NULL, NULL),
(1973, 'Magyaratád', 15, NULL, NULL),
(1974, 'Patalom', 15, NULL, NULL),
(1975, 'Ráksi', 15, NULL, NULL),
(1976, 'Szentgáloskér', 15, NULL, NULL),
(1977, 'Zimány', 15, NULL, NULL),
(1978, 'Szentbalázs', 15, NULL, NULL),
(1979, 'Cserénfa', 15, NULL, NULL),
(1980, 'Gálosfa', 15, NULL, NULL),
(1981, 'Hajmás', 15, NULL, NULL),
(1982, 'Kaposgyarmat', 15, NULL, NULL),
(1983, 'Simonfa', 15, NULL, NULL),
(1984, 'Zselicszentpál', 15, NULL, NULL),
(1985, 'Bőszénfa', 15, NULL, NULL),
(1986, 'Kaposszerdahely', 15, NULL, NULL),
(1987, 'Szenna', 15, NULL, NULL),
(1988, 'Patca', 15, NULL, NULL),
(1989, 'Szilvásszentmárton', 15, NULL, NULL),
(1990, 'Zselickisfalud', 15, NULL, NULL),
(1991, 'Bárdudvarnok', 15, NULL, NULL),
(1992, 'Sántos', 15, NULL, NULL),
(1993, 'Nagyatád', 15, NULL, NULL),
(1994, 'Ötvöskónyi', 15, NULL, NULL),
(1995, 'Mike', 15, NULL, NULL),
(1996, 'Rinyaszentkirály', 15, NULL, NULL),
(1997, 'Tarany', 15, NULL, NULL),
(1998, 'Somogyudvarhely', 15, NULL, NULL),
(1999, 'Berzence', 15, NULL, NULL),
(2000, 'Bolhás', 15, NULL, NULL),
(2001, 'Kaposmérő', 15, NULL, NULL),
(2002, 'Kaposújlak', 15, NULL, NULL),
(2003, 'Kaposfő', 15, NULL, NULL),
(2004, 'Kisasszond', 15, NULL, NULL),
(2005, 'Kiskorpád', 15, NULL, NULL),
(2006, 'Jákó', 15, NULL, NULL),
(2007, 'Csököly', 15, NULL, NULL),
(2008, 'Gige', 15, NULL, NULL),
(2009, 'Rinyakovácsi', 15, NULL, NULL),
(2010, 'Kadarkút', 15, NULL, NULL),
(2011, 'Kőkút', 15, NULL, NULL),
(2012, 'Hencse', 15, NULL, NULL),
(2013, 'Hedrehely', 15, NULL, NULL),
(2014, 'Visnye', 15, NULL, NULL),
(2015, 'Lad', 15, NULL, NULL),
(2016, 'Patosfa', 15, NULL, NULL),
(2017, 'Homokszentgyörgy', 15, NULL, NULL),
(2018, 'Kálmáncsa', 15, NULL, NULL),
(2019, 'Szulok', 15, NULL, NULL),
(2020, 'Kutas', 15, NULL, NULL),
(2021, 'Kisbajom', 15, NULL, NULL),
(2022, 'Beleg', 15, NULL, NULL),
(2023, 'Szabás', 15, NULL, NULL),
(2024, 'Nagykorpád', 15, NULL, NULL),
(2025, 'Lábod', 15, NULL, NULL),
(2026, 'Rinyabesenyő', 15, NULL, NULL),
(2027, 'Görgeteg', 15, NULL, NULL),
(2028, 'Csokonyavisonta', 15, NULL, NULL),
(2029, 'Rinyaújlak', 15, NULL, NULL),
(2030, 'Barcs', 15, NULL, NULL),
(2031, 'Nagybajom', 15, NULL, NULL),
(2032, 'Pálmajor', 15, NULL, NULL),
(2033, 'Segesd', 15, NULL, NULL),
(2034, 'Somogyszob', 15, NULL, NULL),
(2035, 'Kaszó', 15, NULL, NULL),
(2036, 'Komlósd', 15, NULL, NULL),
(2037, 'Péterhida', 15, NULL, NULL),
(2038, 'Babócsa', 15, NULL, NULL),
(2039, 'Rinyaújnép', 15, NULL, NULL),
(2040, 'Somogyaracs', 15, NULL, NULL),
(2041, 'Háromfa', 15, NULL, NULL),
(2042, 'Bakháza', 15, NULL, NULL),
(2043, 'Bolhó', 15, NULL, NULL),
(2044, 'Heresznye', 15, NULL, NULL),
(2045, 'Vízvár', 15, NULL, NULL),
(2046, 'Bélavár', 15, NULL, NULL),
(2047, 'Istvándi', 15, NULL, NULL),
(2048, 'Darány', 15, NULL, NULL),
(2049, 'Siófok', 15, NULL, NULL),
(2050, 'Nyim', 15, NULL, NULL),
(2051, 'Balatonendréd', 15, NULL, NULL),
(2052, 'Bálványos', 15, NULL, NULL),
(2053, 'Kőröshegy', 15, NULL, NULL),
(2054, 'Kereki', 15, NULL, NULL),
(2055, 'Pusztaszemes', 15, NULL, NULL),
(2056, 'Zamárdi', 15, NULL, NULL),
(2057, 'Szántód', 15, NULL, NULL),
(2058, 'Balatonföldvár', 15, NULL, NULL),
(2059, 'Balatonszárszó', 15, NULL, NULL),
(2060, 'Szólád', 15, NULL, NULL),
(2061, 'Teleki', 15, NULL, NULL),
(2062, 'Kötcse', 15, NULL, NULL),
(2063, 'Nagycsepely', 15, NULL, NULL),
(2064, 'Balatonboglár', 15, NULL, NULL),
(2065, 'Ordacsehi', 15, NULL, NULL),
(2066, 'Balatonszemes', 15, NULL, NULL),
(2067, 'Balatonőszöd', 15, NULL, NULL),
(2068, 'Balatonlelle', 15, NULL, NULL),
(2069, 'Fonyód', 15, NULL, NULL),
(2070, 'Balatonfenyves', 15, NULL, NULL),
(2071, 'Balatonmáriafürdő', 15, NULL, NULL),
(2072, 'Balatonkeresztúr', 15, NULL, NULL),
(2073, 'Balatonberény', 15, NULL, NULL),
(2074, 'Balatonszabadi', 15, NULL, NULL),
(2075, 'Siójut', 15, NULL, NULL),
(2076, 'Ádánd', 15, NULL, NULL),
(2077, 'Ságvár', 15, NULL, NULL),
(2078, 'Som', 15, NULL, NULL),
(2079, 'Nagyberény', 15, NULL, NULL),
(2080, 'Bábonymegyer', 15, NULL, NULL),
(2081, 'Tab', 15, NULL, NULL),
(2082, 'Lulla', 15, NULL, NULL),
(2083, 'Sérsekszőlős', 15, NULL, NULL),
(2084, 'Torvaj', 15, NULL, NULL),
(2085, 'Zala', 15, NULL, NULL),
(2086, 'Bedegkér', 15, NULL, NULL),
(2087, 'Somogyegres', 15, NULL, NULL),
(2088, 'Kánya', 15, NULL, NULL),
(2089, 'Tengőd', 15, NULL, NULL),
(2090, 'Miklósi', 15, NULL, NULL),
(2091, 'Kapoly', 15, NULL, NULL),
(2092, 'Zics', 15, NULL, NULL),
(2093, 'Somogymeggyes', 15, NULL, NULL),
(2094, 'Nágocs', 15, NULL, NULL),
(2095, 'Andocs', 15, NULL, NULL),
(2096, 'Karád', 15, NULL, NULL),
(2097, 'Látrány', 15, NULL, NULL),
(2098, 'Visz', 15, NULL, NULL),
(2099, 'Somogytúr', 15, NULL, NULL),
(2100, 'Somogybabod', 15, NULL, NULL),
(2101, 'Gamás', 15, NULL, NULL),
(2102, 'Szőlősgyörök', 15, NULL, NULL),
(2103, 'Gyugy', 15, NULL, NULL),
(2104, 'Lengyeltóti', 15, NULL, NULL),
(2105, 'Kisberény', 15, NULL, NULL),
(2106, 'Hács', 15, NULL, NULL),
(2107, 'Buzsák', 15, NULL, NULL),
(2108, 'Táska', 15, NULL, NULL),
(2109, 'Öreglak', 15, NULL, NULL),
(2110, 'Somogyvár', 15, NULL, NULL),
(2111, 'Pamuk', 15, NULL, NULL),
(2112, 'Somogyvámos', 15, NULL, NULL),
(2113, 'Marcali', 15, NULL, NULL),
(2114, 'Csömend', 15, NULL, NULL),
(2115, 'Somogyszentpál', 15, NULL, NULL),
(2116, 'Nikla', 15, NULL, NULL),
(2117, 'Pusztakovácsi', 15, NULL, NULL),
(2118, 'Libickozma', 15, NULL, NULL),
(2119, 'Somogyfajsz', 15, NULL, NULL),
(2120, 'Balatonszentgyörgy', 15, NULL, NULL),
(2121, 'Vörs', 15, NULL, NULL),
(2122, 'Balatonújlak', 15, NULL, NULL),
(2123, 'Kéthely', 15, NULL, NULL),
(2124, 'Kelevíz', 15, NULL, NULL),
(2125, 'Gadány', 15, NULL, NULL),
(2126, 'Mesztegnyő', 15, NULL, NULL),
(2127, 'Hosszúvíz', 15, NULL, NULL),
(2128, 'Szenyér', 15, NULL, NULL),
(2129, 'Nemeskisfalud', 15, NULL, NULL),
(2130, 'Tapsony', 15, NULL, NULL),
(2131, 'Böhönye', 15, NULL, NULL),
(2132, 'Vése', 15, NULL, NULL),
(2133, 'Nemesdéd', 15, NULL, NULL),
(2134, 'Varászló', 15, NULL, NULL),
(2135, 'Inke', 15, NULL, NULL),
(2136, 'Iharosberény', 15, NULL, NULL),
(2137, 'Iharos', 15, NULL, NULL),
(2138, 'Somogycsicsó', 15, NULL, NULL),
(2139, 'Pogányszentpéter', 15, NULL, NULL),
(2140, 'Hollád', 15, NULL, NULL),
(2141, 'Tikos', 15, NULL, NULL),
(2142, 'Sávoly', 15, NULL, NULL),
(2143, 'Főnyed', 15, NULL, NULL),
(2144, 'Szegerdő', 15, NULL, NULL),
(2145, 'Somogysámson', 15, NULL, NULL),
(2146, 'Somogyzsitfa', 15, NULL, NULL),
(2147, 'Csákány', 15, NULL, NULL),
(2148, 'Szőkedencs', 15, NULL, NULL),
(2149, 'Somogysimonyi', 15, NULL, NULL),
(2150, 'Nemesvid', 15, NULL, NULL),
(2151, 'Nagyszakácsi', 15, NULL, NULL),
(2152, 'Nyírbátor', 16, NULL, NULL),
(2153, 'Nyírgyulaj', 16, NULL, NULL),
(2154, 'Nagykálló', 16, NULL, NULL),
(2155, 'Kállósemjén', 16, NULL, NULL),
(2156, 'Kisléta', 16, NULL, NULL),
(2157, 'Máriapócs', 16, NULL, NULL),
(2158, 'Pócspetri', 16, NULL, NULL),
(2159, 'Nyírcsászári', 16, NULL, NULL),
(2160, 'Nyírderzs', 16, NULL, NULL),
(2161, 'Nyírkáta', 16, NULL, NULL),
(2162, 'Hodász', 16, NULL, NULL),
(2163, 'Kántorjánosi', 16, NULL, NULL),
(2164, 'Őr', 16, NULL, NULL),
(2165, 'Jármi', 16, NULL, NULL),
(2166, 'Papos', 16, NULL, NULL),
(2167, 'Nyírvasvári', 16, NULL, NULL),
(2168, 'Terem', 16, NULL, NULL),
(2169, 'Bátorliget', 16, NULL, NULL),
(2170, 'Vállaj', 16, NULL, NULL),
(2171, 'Mérk', 16, NULL, NULL),
(2172, 'Tiborszállás', 16, NULL, NULL),
(2173, 'Fábiánháza', 16, NULL, NULL),
(2174, 'Nagyecsed', 16, NULL, NULL),
(2175, 'Nyírcsaholy', 16, NULL, NULL),
(2176, 'Nyírbogát', 16, NULL, NULL),
(2177, 'Nyírgelse', 16, NULL, NULL),
(2178, 'Nyírmihálydi', 16, NULL, NULL),
(2179, 'Nyírlugos', 16, NULL, NULL),
(2180, 'Nyírbéltek', 16, NULL, NULL),
(2181, 'Ömböly', 16, NULL, NULL),
(2182, 'Encsencs', 16, NULL, NULL),
(2183, 'Piricse', 16, NULL, NULL),
(2184, 'Nyírpilis', 16, NULL, NULL),
(2185, 'Nyíregyháza', 16, NULL, NULL),
(2186, 'Kálmánháza', 16, NULL, NULL),
(2187, 'Tiszavasvári', 16, NULL, NULL),
(2188, 'Szorgalmatos', 16, NULL, NULL),
(2189, 'Nagycserkesz', 16, NULL, NULL),
(2190, 'Tiszaeszlár', 16, NULL, NULL),
(2191, 'Tiszalök', 16, NULL, NULL),
(2192, 'Tiszadada', 16, NULL, NULL),
(2193, 'Tiszadob', 16, NULL, NULL),
(2194, 'Nyírtelek', 16, NULL, NULL),
(2195, 'Tiszanagyfalu', 16, NULL, NULL),
(2196, 'Rakamaz', 16, NULL, NULL),
(2197, 'Timár', 16, NULL, NULL),
(2198, 'Szabolcs', 16, NULL, NULL),
(2199, 'Balsa', 16, NULL, NULL),
(2200, 'Gávavencsellő', 16, NULL, NULL),
(2201, 'Tiszabercel', 16, NULL, NULL),
(2202, 'Paszab', 16, NULL, NULL),
(2203, 'Kótaj', 16, NULL, NULL),
(2204, 'Buj', 16, NULL, NULL),
(2205, 'Ibrány', 16, NULL, NULL),
(2206, 'Nagyhalász', 16, NULL, NULL),
(2207, 'Tiszatelek', 16, NULL, NULL),
(2208, 'Beszterec', 16, NULL, NULL),
(2209, 'Újdombrád', 16, NULL, NULL),
(2210, 'Dombrád', 16, NULL, NULL),
(2211, 'Tiszakanyár', 16, NULL, NULL),
(2212, 'Kékcse', 16, NULL, NULL),
(2213, 'Döge', 16, NULL, NULL),
(2214, 'Szabolcsveresmart', 16, NULL, NULL),
(2215, 'Kemecse', 16, NULL, NULL),
(2216, 'Vasmegyer', 16, NULL, NULL),
(2217, 'Tiszarád', 16, NULL, NULL),
(2218, 'Nyírbogdány', 16, NULL, NULL),
(2219, 'Kék', 16, NULL, NULL),
(2220, 'Demecser', 16, NULL, NULL),
(2221, 'Gégény', 16, NULL, NULL),
(2222, 'Berkesz', 16, NULL, NULL),
(2223, 'Nyírtass', 16, NULL, NULL),
(2224, 'Pátroha', 16, NULL, NULL),
(2225, 'Ajak', 16, NULL, NULL),
(2226, 'Rétközberencs', 16, NULL, NULL),
(2227, 'Nyírpazony', 16, NULL, NULL),
(2228, 'Nyírtura', 16, NULL, NULL),
(2229, 'Sényő', 16, NULL, NULL),
(2230, 'Székely', 16, NULL, NULL),
(2231, 'Nyíribrony', 16, NULL, NULL),
(2232, 'Ramocsaháza', 16, NULL, NULL),
(2233, 'Nyírkércs', 16, NULL, NULL),
(2234, 'Nyírjákó', 16, NULL, NULL),
(2235, 'Petneháza', 16, NULL, NULL),
(2236, 'Laskod', 16, NULL, NULL),
(2237, 'Nyírkarász', 16, NULL, NULL),
(2238, 'Gyulaháza', 16, NULL, NULL),
(2239, 'Anarcs', 16, NULL, NULL),
(2240, 'Szabolcsbáka', 16, NULL, NULL),
(2241, 'Napkor', 16, NULL, NULL),
(2242, 'Apagy', 16, NULL, NULL),
(2243, 'Nyírtét', 16, NULL, NULL),
(2244, 'Levelek', 16, NULL, NULL),
(2245, 'Magy', 16, NULL, NULL),
(2246, 'Besenyőd', 16, NULL, NULL),
(2247, 'Ófehértó', 16, NULL, NULL),
(2248, 'Baktalórántháza', 16, NULL, NULL),
(2249, 'Vaja', 16, NULL, NULL),
(2250, 'Rohod', 16, NULL, NULL),
(2251, 'Nyírmada', 16, NULL, NULL),
(2252, 'Pusztadobos', 16, NULL, NULL),
(2253, 'Ilk', 16, NULL, NULL),
(2254, 'Gemzse', 16, NULL, NULL),
(2255, 'Kisvárda', 16, NULL, NULL),
(2256, 'Jéke', 16, NULL, NULL),
(2257, 'Fényeslitke', 16, NULL, NULL),
(2258, 'Komoró', 16, NULL, NULL),
(2259, 'Tuzsér', 16, NULL, NULL),
(2260, 'Tiszabezdéd', 16, NULL, NULL),
(2261, 'Záhony', 16, NULL, NULL),
(2262, 'Győröcske', 16, NULL, NULL),
(2263, 'Zsurk', 16, NULL, NULL),
(2264, 'Tiszaszentmárton', 16, NULL, NULL),
(2265, 'Pap', 16, NULL, NULL),
(2266, 'Nyírlövő', 16, NULL, NULL),
(2267, 'Lövőpetri', 16, NULL, NULL),
(2268, 'Aranyosapáti', 16, NULL, NULL),
(2269, 'Újkenéz', 16, NULL, NULL),
(2270, 'Mezőladány', 16, NULL, NULL),
(2271, 'Tornyospálca', 16, NULL, NULL),
(2272, 'Benk', 16, NULL, NULL),
(2273, 'Mándok', 16, NULL, NULL),
(2274, 'Tiszamogyorós', 16, NULL, NULL),
(2275, 'Eperjeske', 16, NULL, NULL),
(2276, 'Mátészalka', 16, NULL, NULL),
(2277, 'Szamoskér', 16, NULL, NULL),
(2278, 'Nyírmeggyes', 16, NULL, NULL),
(2279, 'Tunyogmatolcs', 16, NULL, NULL),
(2280, 'Cégénydányád', 16, NULL, NULL),
(2281, 'Gyügye', 16, NULL, NULL),
(2282, 'Szamosújlak', 16, NULL, NULL),
(2283, 'Szamossályi', 16, NULL, NULL),
(2284, 'Hermánszeg', 16, NULL, NULL),
(2285, 'Kisnamény', 16, NULL, NULL),
(2286, 'Darnó', 16, NULL, NULL),
(2287, 'Jánkmajtis', 16, NULL, NULL),
(2288, 'Csegöld', 16, NULL, NULL),
(2289, 'Csengersima', 16, NULL, NULL),
(2290, 'Szamosbecs', 16, NULL, NULL),
(2291, 'Szamostatárfalva', 16, NULL, NULL),
(2292, 'Kocsord', 16, NULL, NULL),
(2293, 'Győrtelek', 16, NULL, NULL),
(2294, 'Géberjén', 16, NULL, NULL),
(2295, 'Fülpösdaróc', 16, NULL, NULL),
(2296, 'Ököritófülpös', 16, NULL, NULL),
(2297, 'Rápolt', 16, NULL, NULL),
(2298, 'Porcsalma', 16, NULL, NULL),
(2299, 'Tyukod', 16, NULL, NULL),
(2300, 'Ura', 16, NULL, NULL),
(2301, 'Csengerújfalu', 16, NULL, NULL),
(2302, 'Csenger', 16, NULL, NULL),
(2303, 'Komlódtótfalu', 16, NULL, NULL),
(2304, 'Pátyod', 16, NULL, NULL),
(2305, 'Szamosangyalos', 16, NULL, NULL),
(2306, 'Vásárosnamény', 16, NULL, NULL),
(2307, 'Kisvarsány', 16, NULL, NULL),
(2308, 'Nagyvarsány', 16, NULL, NULL),
(2309, 'Gyüre', 16, NULL, NULL),
(2310, 'Ópályi', 16, NULL, NULL),
(2311, 'Nyírparasznya', 16, NULL, NULL),
(2312, 'Nagydobos', 16, NULL, NULL),
(2313, 'Szamosszeg', 16, NULL, NULL),
(2314, 'Olcsva', 16, NULL, NULL),
(2315, 'Tiszaszalka', 16, NULL, NULL),
(2316, 'Tiszavid', 16, NULL, NULL),
(2317, 'Tiszaadony', 16, NULL, NULL),
(2318, 'Tiszakerecseny', 16, NULL, NULL),
(2319, 'Mátyus', 16, NULL, NULL),
(2320, 'Lónya', 16, NULL, NULL),
(2321, 'Jánd', 16, NULL, NULL),
(2322, 'Gulács', 16, NULL, NULL),
(2323, 'Hetefejércse', 16, NULL, NULL),
(2324, 'Csaroda', 16, NULL, NULL),
(2325, 'Tákos', 16, NULL, NULL),
(2326, 'Fehérgyarmat', 16, NULL, NULL),
(2327, 'Nábrád', 16, NULL, NULL),
(2328, 'Kérsemjén', 16, NULL, NULL),
(2329, 'Panyola', 16, NULL, NULL),
(2330, 'Olcsvaapáti', 16, NULL, NULL),
(2331, 'Kisar', 16, NULL, NULL),
(2332, 'Tivadar', 16, NULL, NULL),
(2333, 'Nagyar', 16, NULL, NULL),
(2334, 'Tarpa', 16, NULL, NULL),
(2335, 'Márokpapi', 16, NULL, NULL),
(2336, 'Beregsurány', 16, NULL, NULL),
(2337, 'Beregdaróc', 16, NULL, NULL),
(2338, 'Gelénes', 16, NULL, NULL),
(2339, 'Vámosatya', 16, NULL, NULL),
(2340, 'Barabás', 16, NULL, NULL),
(2341, 'Penyige', 16, NULL, NULL),
(2342, 'Mánd', 16, NULL, NULL),
(2343, 'Nemesborzova', 16, NULL, NULL),
(2344, 'Kömörő', 16, NULL, NULL),
(2345, 'Túristvándi', 16, NULL, NULL),
(2346, 'Szatmárcseke', 16, NULL, NULL),
(2347, 'Tiszakóród', 16, NULL, NULL),
(2348, 'Tiszacsécse', 16, NULL, NULL),
(2349, 'Milota', 16, NULL, NULL),
(2350, 'Tiszabecs', 16, NULL, NULL),
(2351, 'Uszka', 16, NULL, NULL),
(2352, 'Magosliget', 16, NULL, NULL),
(2353, 'Sonkád', 16, NULL, NULL),
(2354, 'Botpalád', 16, NULL, NULL),
(2355, 'Kispalád', 16, NULL, NULL),
(2356, 'Zsarolyán', 16, NULL, NULL),
(2357, 'Nagyszekeres', 16, NULL, NULL),
(2358, 'Kisszekeres', 16, NULL, NULL),
(2359, 'Fülesd', 16, NULL, NULL),
(2360, 'Kölcse', 16, NULL, NULL),
(2361, 'Vámosoroszi', 16, NULL, NULL),
(2362, 'Csaholc', 16, NULL, NULL),
(2363, 'Túrricse', 16, NULL, NULL),
(2364, 'Tisztaberek', 16, NULL, NULL),
(2365, 'Rozsály', 16, NULL, NULL),
(2366, 'Gacsály', 16, NULL, NULL),
(2367, 'Császló', 16, NULL, NULL),
(2368, 'Zajta', 16, NULL, NULL),
(2369, 'Méhtelek', 16, NULL, NULL),
(2370, 'Garbolc', 16, NULL, NULL),
(2371, 'Nagyhódos', 16, NULL, NULL),
(2372, 'Kishódos', 16, NULL, NULL),
(2373, 'Dunaföldvár', 17, NULL, NULL),
(2374, 'Bölcske', 17, NULL, NULL),
(2375, 'Madocsa', 17, NULL, NULL),
(2376, 'Paks', 17, NULL, NULL),
(2377, 'Pusztahencse', 17, NULL, NULL),
(2378, 'Németkér', 17, NULL, NULL),
(2379, 'Vajta', 17, NULL, NULL),
(2380, 'Pálfa', 17, NULL, NULL),
(2381, 'Bikács', 17, NULL, NULL),
(2382, 'Nagydorog', 17, NULL, NULL),
(2383, 'Györköny', 17, NULL, NULL),
(2384, 'Sárszentlőrinc', 17, NULL, NULL),
(2385, 'Kajdacs', 17, NULL, NULL),
(2386, 'Kölesd', 17, NULL, NULL),
(2387, 'Tengelic', 17, NULL, NULL),
(2388, 'Szedres', 17, NULL, NULL),
(2389, 'Medina', 17, NULL, NULL),
(2390, 'Belecska', 17, NULL, NULL),
(2391, 'Keszőhidegkút', 17, NULL, NULL),
(2392, 'Szárazd', 17, NULL, NULL),
(2393, 'Gyönk', 17, NULL, NULL),
(2394, 'Miszla', 17, NULL, NULL),
(2395, 'Udvari', 17, NULL, NULL),
(2396, 'Varsád', 17, NULL, NULL),
(2397, 'Kistormás', 17, NULL, NULL),
(2398, 'Szakadát', 17, NULL, NULL),
(2399, 'Diósberény', 17, NULL, NULL),
(2400, 'Simontornya', 17, NULL, NULL),
(2401, 'Kisszékely', 17, NULL, NULL),
(2402, 'Tolnanémedi', 17, NULL, NULL),
(2403, 'Pincehely', 17, NULL, NULL),
(2404, 'Nagyszékely', 17, NULL, NULL),
(2405, 'Ozora', 17, NULL, NULL),
(2406, 'Fürged', 17, NULL, NULL),
(2407, 'Tamási', 17, NULL, NULL),
(2408, 'Pári', 17, NULL, NULL),
(2409, 'Nagykónyi', 17, NULL, NULL),
(2410, 'Értény', 17, NULL, NULL),
(2411, 'Koppányszántó', 17, NULL, NULL),
(2412, 'Iregszemcse', 17, NULL, NULL),
(2413, 'Újireg', 17, NULL, NULL),
(2414, 'Nagyszokoly', 17, NULL, NULL),
(2415, 'Magyarkeszi', 17, NULL, NULL),
(2416, 'Felsőnyék', 17, NULL, NULL),
(2417, 'Szekszárd', 17, NULL, NULL),
(2418, 'Szálka', 17, NULL, NULL),
(2419, 'Kakasd', 17, NULL, NULL),
(2420, 'Tolna', 17, NULL, NULL),
(2421, 'Bogyiszló', 17, NULL, NULL),
(2422, 'Fadd', 17, NULL, NULL),
(2423, 'Gerjen', 17, NULL, NULL),
(2424, 'Dunaszentgyörgy', 17, NULL, NULL),
(2425, 'Fácánkert', 17, NULL, NULL),
(2426, 'Bátaszék', 17, NULL, NULL),
(2427, 'Pörböly', 17, NULL, NULL),
(2428, 'Őcsény', 17, NULL, NULL),
(2429, 'Decs', 17, NULL, NULL),
(2430, 'Sárpilis', 17, NULL, NULL),
(2431, 'Várdomb', 17, NULL, NULL),
(2432, 'Alsónána', 17, NULL, NULL),
(2433, 'Alsónyék', 17, NULL, NULL),
(2434, 'Báta', 17, NULL, NULL),
(2435, 'Bonyhád', 17, NULL, NULL),
(2436, 'Bonyhádvarasd', 17, NULL, NULL),
(2437, 'Kisdorog', 17, NULL, NULL),
(2438, 'Cikó', 17, NULL, NULL),
(2439, 'Grábóc', 17, NULL, NULL),
(2440, 'Mőcsény', 17, NULL, NULL),
(2441, 'Bátaapáti', 17, NULL, NULL),
(2442, 'Mórágy', 17, NULL, NULL),
(2443, 'Sióagárd', 17, NULL, NULL),
(2444, 'Harc', 17, NULL, NULL),
(2445, 'Zomba', 17, NULL, NULL),
(2446, 'Kéty', 17, NULL, NULL),
(2447, 'Felsőnána', 17, NULL, NULL),
(2448, 'Murga', 17, NULL, NULL),
(2449, 'Tevel', 17, NULL, NULL),
(2450, 'Závod', 17, NULL, NULL),
(2451, 'Kisvejke', 17, NULL, NULL),
(2452, 'Lengyel', 17, NULL, NULL),
(2453, 'Mucsfa', 17, NULL, NULL),
(2454, 'Aparhant', 17, NULL, NULL),
(2455, 'Nagyvejke', 17, NULL, NULL),
(2456, 'Szárász', 17, NULL, NULL),
(2457, 'Hőgyész', 17, NULL, NULL),
(2458, 'Szakály', 17, NULL, NULL),
(2459, 'Regöly', 17, NULL, NULL),
(2460, 'Kalaznó', 17, NULL, NULL),
(2461, 'Mucsi', 17, NULL, NULL),
(2462, 'Dombóvár', 17, NULL, NULL),
(2463, 'Dalmand', 17, NULL, NULL),
(2464, 'Kocsola', 17, NULL, NULL),
(2465, 'Szakcs', 17, NULL, NULL),
(2466, 'Lápafő', 17, NULL, NULL),
(2467, 'Várong', 17, NULL, NULL),
(2468, 'Nak', 17, NULL, NULL),
(2469, 'Dúzs', 17, NULL, NULL),
(2470, 'Csibrák', 17, NULL, NULL),
(2471, 'Kurd', 17, NULL, NULL),
(2472, 'Gyulaj', 17, NULL, NULL),
(2473, 'Döbrököz', 17, NULL, NULL),
(2474, 'Celldömölk', 18, NULL, NULL),
(2475, 'Kemenesmihályfa', 18, NULL, NULL),
(2476, 'Ostffyasszonyfa', 18, NULL, NULL),
(2477, 'Csönge', 18, NULL, NULL),
(2478, 'Kenyeri', 18, NULL, NULL),
(2479, 'Pápoc', 18, NULL, NULL),
(2480, 'Vönöck', 18, NULL, NULL),
(2481, 'Kemenessömjén', 18, NULL, NULL),
(2482, 'Kemenesszentmárton', 18, NULL, NULL),
(2483, 'Kemenesmagasi', 18, NULL, NULL),
(2484, 'Szergény', 18, NULL, NULL),
(2485, 'Mersevát', 18, NULL, NULL),
(2486, 'Külsővat', 18, NULL, NULL),
(2487, 'Nemesszalók', 18, NULL, NULL),
(2488, 'Marcalgergelyi', 18, NULL, NULL),
(2489, 'Vinár', 18, NULL, NULL),
(2490, 'Boba', 18, NULL, NULL),
(2491, 'Nemeskocs', 18, NULL, NULL),
(2492, 'Kemenespálfa', 18, NULL, NULL),
(2493, 'Jánosháza', 18, NULL, NULL),
(2494, 'Karakó', 18, NULL, NULL),
(2495, 'Nemeskeresztúr', 18, NULL, NULL),
(2496, 'Keléd', 18, NULL, NULL),
(2497, 'Mesteri', 18, NULL, NULL),
(2498, 'Vásárosmiske', 18, NULL, NULL),
(2499, 'Köcsk', 18, NULL, NULL),
(2500, 'Kemeneskápolna', 18, NULL, NULL),
(2501, 'Egyházashetye', 18, NULL, NULL),
(2502, 'Borgáta', 18, NULL, NULL),
(2503, 'Kissomlyó', 18, NULL, NULL),
(2504, 'Duka', 18, NULL, NULL),
(2505, 'Nagysimonyi', 18, NULL, NULL),
(2506, 'Tokorcs', 18, NULL, NULL),
(2507, 'Sárvár', 18, NULL, NULL),
(2508, 'Csénye', 18, NULL, NULL),
(2509, 'Bögöt', 18, NULL, NULL),
(2510, 'Porpác', 18, NULL, NULL),
(2511, 'Ölbő', 18, NULL, NULL),
(2512, 'Szeleste', 18, NULL, NULL),
(2513, 'Répceszentgyörgy', 18, NULL, NULL),
(2514, 'Chernelházadamonya', 18, NULL, NULL),
(2515, 'Bő', 18, NULL, NULL),
(2516, 'Gór', 18, NULL, NULL),
(2517, 'Hegyfalu', 18, NULL, NULL),
(2518, 'Sajtoskál', 18, NULL, NULL),
(2519, 'Simaság', 18, NULL, NULL),
(2520, 'Lócs', 18, NULL, NULL),
(2521, 'Iklanberény', 18, NULL, NULL),
(2522, 'Zsédeny', 18, NULL, NULL),
(2523, 'Pósfa', 18, NULL, NULL),
(2524, 'Rábapaty', 18, NULL, NULL),
(2525, 'Jákfa', 18, NULL, NULL),
(2526, 'Uraiújfalu', 18, NULL, NULL),
(2527, 'Nick', 18, NULL, NULL),
(2528, 'Répcelak', 18, NULL, NULL),
(2529, 'Csánig', 18, NULL, NULL),
(2530, 'Vasegerszeg', 18, NULL, NULL),
(2531, 'Tompaládony', 18, NULL, NULL),
(2532, 'Mesterháza', 18, NULL, NULL),
(2533, 'Nemesládony', 18, NULL, NULL),
(2534, 'Nagygeresd', 18, NULL, NULL),
(2535, 'Vámoscsalád', 18, NULL, NULL),
(2536, 'Sitke', 18, NULL, NULL),
(2537, 'Gérce', 18, NULL, NULL),
(2538, 'Káld', 18, NULL, NULL),
(2539, 'Vashosszúfalu', 18, NULL, NULL),
(2540, 'Bögöte', 18, NULL, NULL),
(2541, 'Hosszúpereszteg', 18, NULL, NULL),
(2542, 'Sótony', 18, NULL, NULL),
(2543, 'Nyőgér', 18, NULL, NULL),
(2544, 'Bejcgyertyános', 18, NULL, NULL),
(2545, 'Egervölgy', 18, NULL, NULL),
(2546, 'Szemenye', 18, NULL, NULL),
(2547, 'Szombathely', 18, NULL, NULL),
(2548, 'Gencsapáti', 18, NULL, NULL),
(2549, 'Perenye', 18, NULL, NULL),
(2550, 'Gyöngyösfalu', 18, NULL, NULL),
(2551, 'Lukácsháza', 18, NULL, NULL),
(2552, 'Kőszegszerdahely', 18, NULL, NULL),
(2553, 'Cák', 18, NULL, NULL),
(2554, 'Kőszegdoroszló', 18, NULL, NULL),
(2555, 'Velem', 18, NULL, NULL),
(2556, 'Bozsok', 18, NULL, NULL),
(2557, 'Kőszeg', 18, NULL, NULL),
(2558, 'Horvátzsidány', 18, NULL, NULL),
(2559, 'Kiszsidány', 18, NULL, NULL),
(2560, 'Ólmod', 18, NULL, NULL),
(2561, 'Peresznye', 18, NULL, NULL),
(2562, 'Csepreg', 18, NULL, NULL),
(2563, 'Tormásliget', 18, NULL, NULL),
(2564, 'Bük', 18, NULL, NULL),
(2565, 'Tömörd', 18, NULL, NULL),
(2566, 'Nemescsó', 18, NULL, NULL),
(2567, 'Kőszegpaty', 18, NULL, NULL),
(2568, 'Pusztacsó', 18, NULL, NULL),
(2569, 'Vassurány', 18, NULL, NULL),
(2570, 'Salköveskút', 18, NULL, NULL),
(2571, 'Söpte', 18, NULL, NULL),
(2572, 'Vasasszonyfa', 18, NULL, NULL),
(2573, 'Meszlen', 18, NULL, NULL),
(2574, 'Acsád', 18, NULL, NULL),
(2575, 'Vasszilvágy', 18, NULL, NULL),
(2576, 'Vát', 18, NULL, NULL),
(2577, 'Nemesbőd', 18, NULL, NULL),
(2578, 'Vép', 18, NULL, NULL),
(2579, 'Bozzai', 18, NULL, NULL),
(2580, 'Kenéz', 18, NULL, NULL),
(2581, 'Pecöl', 18, NULL, NULL),
(2582, 'Megyehíd', 18, NULL, NULL),
(2583, 'Ikervár', 18, NULL, NULL),
(2584, 'Meggyeskovácsi', 18, NULL, NULL),
(2585, 'Táplánszentkereszt', 18, NULL, NULL),
(2586, 'Tanakajd', 18, NULL, NULL),
(2587, 'Vasszécseny', 18, NULL, NULL),
(2588, 'Csempeszkopács', 18, NULL, NULL),
(2589, 'Rum', 18, NULL, NULL),
(2590, 'Rábatöttös', 18, NULL, NULL),
(2591, 'Zsennye', 18, NULL, NULL),
(2592, 'Balogunyom', 18, NULL, NULL),
(2593, 'Kisunyom', 18, NULL, NULL),
(2594, 'Sorokpolány', 18, NULL, NULL),
(2595, 'Sorkifalud', 18, NULL, NULL),
(2596, 'Gyanógeregye', 18, NULL, NULL),
(2597, 'Sorkikápolna', 18, NULL, NULL),
(2598, 'Nemeskolta', 18, NULL, NULL),
(2599, 'Püspökmolnári', 18, NULL, NULL),
(2600, 'Rábahídvég', 18, NULL, NULL),
(2601, 'Egyházashollós', 18, NULL, NULL),
(2602, 'Nemesrempehollós', 18, NULL, NULL),
(2603, 'Egyházasrádóc', 18, NULL, NULL),
(2604, 'Rádóckölked', 18, NULL, NULL),
(2605, 'Harasztifalu', 18, NULL, NULL),
(2606, 'Nagykölked', 18, NULL, NULL),
(2607, 'Sé', 18, NULL, NULL),
(2608, 'Torony', 18, NULL, NULL),
(2609, 'Dozmat', 18, NULL, NULL),
(2610, 'Bucsu', 18, NULL, NULL),
(2611, 'Narda', 18, NULL, NULL),
(2612, 'Felsőcsatár', 18, NULL, NULL),
(2613, 'Vaskeresztes', 18, NULL, NULL),
(2614, 'Pornóapáti', 18, NULL, NULL),
(2615, 'Horvátlövő', 18, NULL, NULL),
(2616, 'Nárai', 18, NULL, NULL),
(2617, 'Ják', 18, NULL, NULL),
(2618, 'Szentpéterfa', 18, NULL, NULL),
(2619, 'Vasvár', 18, NULL, NULL),
(2620, 'Andrásfa', 18, NULL, NULL),
(2621, 'Telekes', 18, NULL, NULL),
(2622, 'Gersekarát', 18, NULL, NULL),
(2623, 'Sárfimizdó', 18, NULL, NULL),
(2624, 'Halastó', 18, NULL, NULL),
(2625, 'Győrvár', 18, NULL, NULL),
(2626, 'Hegyhátszentpéter', 18, NULL, NULL),
(2627, 'Pácsony', 18, NULL, NULL),
(2628, 'Olaszfa', 18, NULL, NULL),
(2629, 'Oszkó', 18, NULL, NULL),
(2630, 'Petőmihályfa', 18, NULL, NULL),
(2631, 'Bérbaltavár', 18, NULL, NULL),
(2632, 'Nagytilaj', 18, NULL, NULL),
(2633, 'Csehi', 18, NULL, NULL),
(2634, 'Csehimindszent', 18, NULL, NULL),
(2635, 'Mikosszéplak', 18, NULL, NULL),
(2636, 'Csipkerek', 18, NULL, NULL),
(2637, 'Kám', 18, NULL, NULL),
(2638, 'Alsóújlak', 18, NULL, NULL),
(2639, 'Körmend', 18, NULL, NULL),
(2640, 'Magyarnádalja', 18, NULL, NULL),
(2641, 'Molnaszecsőd', 18, NULL, NULL),
(2642, 'Magyarszecsőd', 18, NULL, NULL),
(2643, 'Szarvaskend', 18, NULL, NULL),
(2644, 'Döröske', 18, NULL, NULL),
(2645, 'Nagymizdó', 18, NULL, NULL),
(2646, 'Döbörhegy', 18, NULL, NULL),
(2647, 'Nádasd', 18, NULL, NULL),
(2648, 'Hegyháthodász', 18, NULL, NULL),
(2649, 'Hegyhátsál', 18, NULL, NULL),
(2650, 'Katafa', 18, NULL, NULL),
(2651, 'Halogy', 18, NULL, NULL),
(2652, 'Daraboshegy', 18, NULL, NULL),
(2653, 'Felsőmarác', 18, NULL, NULL),
(2654, 'Csákánydoroszló', 18, NULL, NULL),
(2655, 'Vasalja', 18, NULL, NULL),
(2656, 'Pinkamindszent', 18, NULL, NULL),
(2657, 'Kemestaródfa', 18, NULL, NULL),
(2658, 'Ivánc', 18, NULL, NULL),
(2659, 'Hegyhátszentmárton', 18, NULL, NULL),
(2660, 'Viszák', 18, NULL, NULL),
(2661, 'Őrimagyarósd', 18, NULL, NULL),
(2662, 'Hegyhátszentjakab', 18, NULL, NULL),
(2663, 'Felsőjánosfa', 18, NULL, NULL),
(2664, 'Szaknyér', 18, NULL, NULL),
(2665, 'Szőce', 18, NULL, NULL),
(2666, 'Kisrákos', 18, NULL, NULL),
(2667, 'Pankasz', 18, NULL, NULL),
(2668, 'Nagyrákos', 18, NULL, NULL),
(2669, 'Szatta', 18, NULL, NULL),
(2670, 'Őriszentpéter', 18, NULL, NULL),
(2671, 'Ispánk', 18, NULL, NULL),
(2672, 'Szalafő', 18, NULL, NULL),
(2673, 'Kondorfa', 18, NULL, NULL),
(2674, 'Bajánsenye', 18, NULL, NULL),
(2675, 'Kerkáskápolna', 18, NULL, NULL),
(2676, 'Kercaszomor', 18, NULL, NULL),
(2677, 'Magyarszombatfa', 18, NULL, NULL),
(2678, 'Velemér', 18, NULL, NULL),
(2679, 'Rátót', 18, NULL, NULL),
(2680, 'Gasztony', 18, NULL, NULL),
(2681, 'Vasszentmihály', 18, NULL, NULL),
(2682, 'Nemesmedves', 18, NULL, NULL),
(2683, 'Rönök', 18, NULL, NULL),
(2684, 'Szentgotthárd', 18, NULL, NULL),
(2685, 'Rábagyarmat', 18, NULL, NULL),
(2686, 'Csörötnek', 18, NULL, NULL),
(2687, 'Magyarlak', 18, NULL, NULL),
(2688, 'Apátistvánfalva', 18, NULL, NULL),
(2689, 'Kétvölgy', 18, NULL, NULL),
(2690, 'Orfalu', 18, NULL, NULL),
(2691, 'Alsószölnök', 18, NULL, NULL),
(2692, 'Szakonyfalu', 18, NULL, NULL),
(2693, 'Felsőszölnök', 18, NULL, NULL),
(2694, 'Ősi', 19, NULL, NULL),
(2695, 'Küngös', 19, NULL, NULL),
(2696, 'Csajág', 19, NULL, NULL),
(2697, 'Balatonfőkajár', 19, NULL, NULL),
(2698, 'Balatonvilágos', 19, NULL, NULL),
(2699, 'Balatonakarattya', 19, NULL, NULL),
(2700, 'Balatonkenese', 19, NULL, NULL),
(2701, 'Balatonfűzfő', 19, NULL, NULL),
(2702, 'Berhida', 19, NULL, NULL),
(2703, 'Papkeszi', 19, NULL, NULL),
(2704, 'Öskü', 19, NULL, NULL),
(2705, 'Hajmáskér', 19, NULL, NULL),
(2706, 'Sóly', 19, NULL, NULL),
(2707, 'Vilonya', 19, NULL, NULL),
(2708, 'Királyszentistván', 19, NULL, NULL),
(2709, 'Litér', 19, NULL, NULL),
(2710, 'Veszprém', 19, NULL, NULL),
(2711, 'Balatonalmádi', 19, NULL, NULL),
(2712, 'Szentkirályszabadja', 19, NULL, NULL),
(2713, 'Alsóörs', 19, NULL, NULL),
(2714, 'Felsőörs', 19, NULL, NULL),
(2715, 'Lovas', 19, NULL, NULL),
(2716, 'Csopak', 19, NULL, NULL),
(2717, 'Paloznak', 19, NULL, NULL),
(2718, 'Balatonfüred', 19, NULL, NULL),
(2719, 'Balatonszőlős', 19, NULL, NULL),
(2720, 'Tihany', 19, NULL, NULL),
(2721, 'Aszófő', 19, NULL, NULL),
(2722, 'Balatonudvari', 19, NULL, NULL),
(2723, 'Örvényes', 19, NULL, NULL),
(2724, 'Balatonakali', 19, NULL, NULL),
(2725, 'Dörgicse', 19, NULL, NULL),
(2726, 'Pécsely', 19, NULL, NULL),
(2727, 'Vászoly', 19, NULL, NULL),
(2728, 'Tótvázsony', 19, NULL, NULL),
(2729, 'Hidegkút', 19, NULL, NULL),
(2730, 'Nemesvámos', 19, NULL, NULL),
(2731, 'Veszprémfajsz', 19, NULL, NULL),
(2732, 'Zánka', 19, NULL, NULL),
(2733, 'Balatonszepezd', 19, NULL, NULL),
(2734, 'Révfülöp', 19, NULL, NULL),
(2735, 'Kővágóörs', 19, NULL, NULL),
(2736, 'Kékkút', 19, NULL, NULL),
(2737, 'Balatonrendes', 19, NULL, NULL),
(2738, 'Ábrahámhegy', 19, NULL, NULL),
(2739, 'Salföld', 19, NULL, NULL),
(2740, 'Badacsonytomaj', 19, NULL, NULL),
(2741, 'Badacsonytördemic', 19, NULL, NULL),
(2742, 'Szigliget', 19, NULL, NULL),
(2743, 'Hegymagas', 19, NULL, NULL),
(2744, 'Mencshely', 19, NULL, NULL),
(2745, 'Szentantalfa', 19, NULL, NULL),
(2746, 'Balatoncsicsó', 19, NULL, NULL),
(2747, 'Óbudavár', 19, NULL, NULL),
(2748, 'Szentjakabfa', 19, NULL, NULL),
(2749, 'Tagyon', 19, NULL, NULL),
(2750, 'Monoszló', 19, NULL, NULL),
(2751, 'Köveskál', 19, NULL, NULL),
(2752, 'Balatonhenye', 19, NULL, NULL),
(2753, 'Szentbékkálla', 19, NULL, NULL),
(2754, 'Mindszentkálla', 19, NULL, NULL),
(2755, 'Káptalantóti', 19, NULL, NULL),
(2756, 'Nemesgulács', 19, NULL, NULL),
(2757, 'Kisapáti', 19, NULL, NULL),
(2758, 'Gyulakeszi', 19, NULL, NULL),
(2759, 'Nagyvázsony', 19, NULL, NULL),
(2760, 'Barnag', 19, NULL, NULL),
(2761, 'Pula', 19, NULL, NULL),
(2762, 'Vöröstó', 19, NULL, NULL),
(2763, 'Öcs', 19, NULL, NULL),
(2764, 'Kapolcs', 19, NULL, NULL),
(2765, 'Vigántpetend', 19, NULL, NULL),
(2766, 'Taliándörögd', 19, NULL, NULL),
(2767, 'Monostorapáti', 19, NULL, NULL),
(2768, 'Hegyesd', 19, NULL, NULL),
(2769, 'Tapolca', 19, NULL, NULL),
(2770, 'Raposka', 19, NULL, NULL),
(2771, 'Zalahaláp', 19, NULL, NULL),
(2772, 'Sáska', 19, NULL, NULL),
(2773, 'Nemesvita', 19, NULL, NULL),
(2774, 'Balatonederics', 19, NULL, NULL),
(2775, 'Balatongyörök', 19, NULL, NULL),
(2776, 'Vonyarcvashegy', 19, NULL, NULL),
(2777, 'Gyenesdiás', 19, NULL, NULL),
(2778, 'Várvölgy', 19, NULL, NULL),
(2779, 'Vállus', 19, NULL, NULL),
(2780, 'Lesencefalu', 19, NULL, NULL),
(2781, 'Lesencetomaj', 19, NULL, NULL),
(2782, 'Lesenceistvánd', 19, NULL, NULL),
(2783, 'Uzsa', 19, NULL, NULL),
(2784, 'Sümeg', 19, NULL, NULL),
(2785, 'Mihályfa', 19, NULL, NULL),
(2786, 'Kisvásárhely', 19, NULL, NULL),
(2787, 'Szalapa', 19, NULL, NULL),
(2788, 'Óhíd', 19, NULL, NULL),
(2789, 'Zalaerdőd', 19, NULL, NULL),
(2790, 'Hetyefő', 19, NULL, NULL),
(2791, 'Dabronc', 19, NULL, NULL),
(2792, 'Gógánfa', 19, NULL, NULL),
(2793, 'Ukk', 19, NULL, NULL),
(2794, 'Rigács', 19, NULL, NULL),
(2795, 'Megyer', 19, NULL, NULL),
(2796, 'Zalameggyes', 19, NULL, NULL),
(2797, 'Zalagyömörő', 19, NULL, NULL),
(2798, 'Sümegprága', 19, NULL, NULL),
(2799, 'Bazsi', 19, NULL, NULL),
(2800, 'Zalaszántó', 19, NULL, NULL),
(2801, 'Vindornyalak', 19, NULL, NULL),
(2802, 'Ajka', 19, NULL, NULL),
(2803, 'Úrkút', 19, NULL, NULL),
(2804, 'Eplény', 19, NULL, NULL),
(2805, 'Olaszfalu', 19, NULL, NULL),
(2806, 'Nagyesztergár', 19, NULL, NULL),
(2807, 'Dudar', 19, NULL, NULL),
(2808, 'Csetény', 19, NULL, NULL),
(2809, 'Bakonyoszlop', 19, NULL, NULL),
(2810, 'Csesznek', 19, NULL, NULL),
(2811, 'Zirc', 19, NULL, NULL),
(2812, 'Bakonynána', 19, NULL, NULL),
(2813, 'Szápár', 19, NULL, NULL),
(2814, 'Jásd', 19, NULL, NULL),
(2815, 'Lókút', 19, NULL, NULL),
(2816, 'Pénzesgyőr', 19, NULL, NULL),
(2817, 'Bakonybél', 19, NULL, NULL),
(2818, 'Borzavár', 19, NULL, NULL),
(2819, 'Porva', 19, NULL, NULL),
(2820, 'Bakonyszentkirály', 19, NULL, NULL),
(2821, 'Bakonyszentlászló', 19, NULL, NULL),
(2822, 'Fenyőfő', 19, NULL, NULL),
(2823, 'Bakonygyirót', 19, NULL, NULL),
(2824, 'Románd', 19, NULL, NULL),
(2825, 'Gic', 19, NULL, NULL),
(2826, 'Veszprémvarsány', 19, NULL, NULL),
(2827, 'Sikátor', 19, NULL, NULL),
(2828, 'Herend', 19, NULL, NULL),
(2829, 'Márkó', 19, NULL, NULL),
(2830, 'Hárskút', 19, NULL, NULL),
(2831, 'Bánd', 19, NULL, NULL),
(2832, 'Szentgál', 19, NULL, NULL),
(2833, 'Városlőd', 19, NULL, NULL),
(2834, 'Csehbánya', 19, NULL, NULL),
(2835, 'Kislőd', 19, NULL, NULL),
(2836, 'Magyarpolány', 19, NULL, NULL),
(2837, 'Halimba', 19, NULL, NULL),
(2838, 'Szőc', 19, NULL, NULL),
(2839, 'Nyirád', 19, NULL, NULL),
(2840, 'Pusztamiske', 19, NULL, NULL),
(2841, 'Noszlop', 19, NULL, NULL),
(2842, 'Bakonypölöske', 19, NULL, NULL),
(2843, 'Oroszi', 19, NULL, NULL),
(2844, 'Devecser', 19, NULL, NULL),
(2845, 'Kolontár', 19, NULL, NULL),
(2846, 'Kamond', 19, NULL, NULL),
(2847, 'Káptalanfa', 19, NULL, NULL),
(2848, 'Bodorfa', 19, NULL, NULL),
(2849, 'Nemeshany', 19, NULL, NULL),
(2850, 'Gyepükaján', 19, NULL, NULL),
(2851, 'Csabrendek', 19, NULL, NULL),
(2852, 'Veszprémgalsa', 19, NULL, NULL),
(2853, 'Hosztót', 19, NULL, NULL),
(2854, 'Szentimrefalva', 19, NULL, NULL),
(2855, 'Zalaszegvár', 19, NULL, NULL),
(2856, 'Tüskevár', 19, NULL, NULL),
(2857, 'Apácatorna', 19, NULL, NULL),
(2858, 'Kisberzseny', 19, NULL, NULL),
(2859, 'Somlójenő', 19, NULL, NULL),
(2860, 'Borszörcsök', 19, NULL, NULL),
(2861, 'Somlóvásárhely', 19, NULL, NULL),
(2862, 'Doba', 19, NULL, NULL),
(2863, 'Somlószőlős', 19, NULL, NULL),
(2864, 'Kisszőlős', 19, NULL, NULL),
(2865, 'Nagyalásony', 19, NULL, NULL),
(2866, 'Somlóvecse', 19, NULL, NULL),
(2867, 'Vid', 19, NULL, NULL),
(2868, 'Dabrony', 19, NULL, NULL),
(2869, 'Karakószörcsök', 19, NULL, NULL),
(2870, 'Kerta', 19, NULL, NULL),
(2871, 'Iszkáz', 19, NULL, NULL),
(2872, 'Kiscsősz', 19, NULL, NULL),
(2873, 'Csögle', 19, NULL, NULL),
(2874, 'Nagypirit', 19, NULL, NULL),
(2875, 'Kispirit', 19, NULL, NULL),
(2876, 'Adorjánháza', 19, NULL, NULL),
(2877, 'Egeralja', 19, NULL, NULL),
(2878, 'Pápa', 19, NULL, NULL),
(2879, 'Nyárád', 19, NULL, NULL),
(2880, 'Mihályháza', 19, NULL, NULL),
(2881, 'Mezőlak', 19, NULL, NULL),
(2882, 'Békás', 19, NULL, NULL),
(2883, 'Kemeneshőgyész', 19, NULL, NULL),
(2884, 'Magyargencs', 19, NULL, NULL),
(2885, 'Kemenesszentpéter', 19, NULL, NULL),
(2886, 'Nagyacsád', 19, NULL, NULL),
(2887, 'Nemesgörzsöny', 19, NULL, NULL),
(2888, 'Egyházaskesző', 19, NULL, NULL),
(2889, 'Várkesző', 19, NULL, NULL),
(2890, 'Marcaltő', 19, NULL, NULL),
(2891, 'Malomsok', 19, NULL, NULL),
(2892, 'Takácsi', 19, NULL, NULL),
(2893, 'Vaszar', 19, NULL, NULL),
(2894, 'Gecse', 19, NULL, NULL),
(2895, 'Nagygyimót', 19, NULL, NULL),
(2896, 'Vanyola', 19, NULL, NULL),
(2897, 'Lovászpatona', 19, NULL, NULL),
(2898, 'Nagydém', 19, NULL, NULL),
(2899, 'Bakonytamási', 19, NULL, NULL),
(2900, 'Pápateszér', 19, NULL, NULL),
(2901, 'Bakonyszentiván', 19, NULL, NULL),
(2902, 'Bakonyság', 19, NULL, NULL),
(2903, 'Csót', 19, NULL, NULL),
(2904, 'Adásztevel', 19, NULL, NULL),
(2905, 'Nagytevel', 19, NULL, NULL),
(2906, 'Homokbödöge', 19, NULL, NULL),
(2907, 'Ugod', 19, NULL, NULL),
(2908, 'Béb', 19, NULL, NULL),
(2909, 'Bakonykoppány', 19, NULL, NULL),
(2910, 'Bakonyszücs', 19, NULL, NULL),
(2911, 'Bakonyjákó', 19, NULL, NULL),
(2912, 'Németbánya', 19, NULL, NULL),
(2913, 'Farkasgyepű', 19, NULL, NULL),
(2914, 'Nóráp', 19, NULL, NULL),
(2915, 'Dáka', 19, NULL, NULL),
(2916, 'Pápadereske', 19, NULL, NULL),
(2917, 'Pápasalamon', 19, NULL, NULL),
(2918, 'Kup', 19, NULL, NULL),
(2919, 'Pápakovácsi', 19, NULL, NULL),
(2920, 'Ganna', 19, NULL, NULL),
(2921, 'Döbrönte', 19, NULL, NULL),
(2922, 'Karmacs', 20, NULL, NULL),
(2923, 'Vindornyafok', 20, NULL, NULL),
(2924, 'Zalaköveskút', 20, NULL, NULL),
(2925, 'Vindornyaszőlős', 20, NULL, NULL),
(2926, 'Kisgörbő', 20, NULL, NULL),
(2927, 'Nagygörbő', 20, NULL, NULL),
(2928, 'Sümegcsehi', 20, NULL, NULL),
(2929, 'Döbröce', 20, NULL, NULL),
(2930, 'Keszthely', 20, NULL, NULL),
(2931, 'Nemesbük', 20, NULL, NULL),
(2932, 'Cserszegtomaj', 20, NULL, NULL),
(2933, 'Rezi', 20, NULL, NULL),
(2934, 'Hévíz', 20, NULL, NULL),
(2935, 'Sármellék', 20, NULL, NULL),
(2936, 'Zalavár', 20, NULL, NULL),
(2937, 'Szentgyörgyvár', 20, NULL, NULL),
(2938, 'Alsópáhok', 20, NULL, NULL),
(2939, 'Felsőpáhok', 20, NULL, NULL),
(2940, 'Zalaapáti', 20, NULL, NULL),
(2941, 'Bókaháza', 20, NULL, NULL),
(2942, 'Esztergályhorváti', 20, NULL, NULL),
(2943, 'Zalaszabar', 20, NULL, NULL),
(2944, 'Orosztony', 20, NULL, NULL),
(2945, 'Kerecseny', 20, NULL, NULL),
(2946, 'Nagyrada', 20, NULL, NULL),
(2947, 'Garabonc', 20, NULL, NULL),
(2948, 'Zalamerenye', 20, NULL, NULL),
(2949, 'Zalakaros', 20, NULL, NULL),
(2950, 'Zalakomár', 20, NULL, NULL),
(2951, 'Balatonmagyaród', 20, NULL, NULL),
(2952, 'Galambok', 20, NULL, NULL);
INSERT INTO `towns` (`id`, `town`, `county_id`, `created_at`, `updated_at`) VALUES
(2953, 'Nagyrécse', 20, NULL, NULL),
(2954, 'Csapi', 20, NULL, NULL),
(2955, 'Kisrécse', 20, NULL, NULL),
(2956, 'Zalasárszeg', 20, NULL, NULL),
(2957, 'Pacsa', 20, NULL, NULL),
(2958, 'Zalaigrice', 20, NULL, NULL),
(2959, 'Szentpéterúr', 20, NULL, NULL),
(2960, 'Gétye', 20, NULL, NULL),
(2961, 'Dióskál', 20, NULL, NULL),
(2962, 'Zalaszentmárton', 20, NULL, NULL),
(2963, 'Egeraracsa', 20, NULL, NULL),
(2964, 'Felsőrajk', 20, NULL, NULL),
(2965, 'Alsórajk', 20, NULL, NULL),
(2966, 'Pötréte', 20, NULL, NULL),
(2967, 'Hahót', 20, NULL, NULL),
(2968, 'Zalaszentbalázs', 20, NULL, NULL),
(2969, 'Börzönce', 20, NULL, NULL),
(2970, 'Pölöskefő', 20, NULL, NULL),
(2971, 'Kacorlak', 20, NULL, NULL),
(2972, 'Gelse', 20, NULL, NULL),
(2973, 'Gelsesziget', 20, NULL, NULL),
(2974, 'Kilimán', 20, NULL, NULL),
(2975, 'Magyarszerdahely', 20, NULL, NULL),
(2976, 'Bocska', 20, NULL, NULL),
(2977, 'Magyarszentmiklós', 20, NULL, NULL),
(2978, 'Hosszúvölgy', 20, NULL, NULL),
(2979, 'Fűzvölgy', 20, NULL, NULL),
(2980, 'Homokkomárom', 20, NULL, NULL),
(2981, 'Újudvar', 20, NULL, NULL),
(2982, 'Zalacsány', 20, NULL, NULL),
(2983, 'Ligetfalva', 20, NULL, NULL),
(2984, 'Tilaj', 20, NULL, NULL),
(2985, 'Kehidakustány', 20, NULL, NULL),
(2986, 'Zalaszentgrót', 20, NULL, NULL),
(2987, 'Kallósd', 20, NULL, NULL),
(2988, 'Zalaszentlászló', 20, NULL, NULL),
(2989, 'Sénye', 20, NULL, NULL),
(2990, 'Zalavég', 20, NULL, NULL),
(2991, 'Tekenye', 20, NULL, NULL),
(2992, 'Türje', 20, NULL, NULL),
(2993, 'Batyk', 20, NULL, NULL),
(2994, 'Zalabér', 20, NULL, NULL),
(2995, 'Pakod', 20, NULL, NULL),
(2996, 'Dötk', 20, NULL, NULL),
(2997, 'Nagykanizsa', 20, NULL, NULL),
(2998, 'Nagybakónak', 20, NULL, NULL),
(2999, 'Zalaújlak', 20, NULL, NULL),
(3000, 'Sand', 20, NULL, NULL),
(3001, 'Miháld', 20, NULL, NULL),
(3002, 'Pat', 20, NULL, NULL),
(3003, 'Zalaszentjakab', 20, NULL, NULL),
(3004, 'Liszó', 20, NULL, NULL),
(3005, 'Murakeresztúr', 20, NULL, NULL),
(3006, 'Fityeház', 20, NULL, NULL),
(3007, 'Csurgó', 20, NULL, NULL),
(3008, 'Csurgónagymarton', 20, NULL, NULL),
(3009, 'Szenta', 20, NULL, NULL),
(3010, 'Gyékényes', 20, NULL, NULL),
(3011, 'Zákány', 20, NULL, NULL),
(3012, 'Zákányfalu', 20, NULL, NULL),
(3013, 'Őrtilos', 20, NULL, NULL),
(3014, 'Belezna', 20, NULL, NULL),
(3015, 'Surd', 20, NULL, NULL),
(3016, 'Nemespátró', 20, NULL, NULL),
(3017, 'Porrog', 20, NULL, NULL),
(3018, 'Porrogszentkirály', 20, NULL, NULL),
(3019, 'Porrogszentpál', 20, NULL, NULL),
(3020, 'Somogybükkösd', 20, NULL, NULL),
(3021, 'Szepetnek', 20, NULL, NULL),
(3022, 'Semjénháza', 20, NULL, NULL),
(3023, 'Molnári', 20, NULL, NULL),
(3024, 'Tótszerdahely', 20, NULL, NULL),
(3025, 'Tótszentmárton', 20, NULL, NULL),
(3026, 'Becsehely', 20, NULL, NULL),
(3027, 'Petrivente', 20, NULL, NULL),
(3028, 'Letenye', 20, NULL, NULL),
(3029, 'Kistolmács', 20, NULL, NULL),
(3030, 'Murarátka', 20, NULL, NULL),
(3031, 'Zajk', 20, NULL, NULL),
(3032, 'Muraszemenye', 20, NULL, NULL),
(3033, 'Szentmargitfalva', 20, NULL, NULL),
(3034, 'Csörnyeföld', 20, NULL, NULL),
(3035, 'Dobri', 20, NULL, NULL),
(3036, 'Kerkaszentkirály', 20, NULL, NULL),
(3037, 'Tormafölde', 20, NULL, NULL),
(3038, 'Tornyiszentmiklós', 20, NULL, NULL),
(3039, 'Lovászi', 20, NULL, NULL),
(3040, 'Szécsisziget', 20, NULL, NULL),
(3041, 'Kerkateskánd', 20, NULL, NULL),
(3042, 'Sormás', 20, NULL, NULL),
(3043, 'Eszteregnye', 20, NULL, NULL),
(3044, 'Rigyác', 20, NULL, NULL),
(3045, 'Borsfa', 20, NULL, NULL),
(3046, 'Valkonya', 20, NULL, NULL),
(3047, 'Oltárc', 20, NULL, NULL),
(3048, 'Bázakerettye', 20, NULL, NULL),
(3049, 'Lasztonya', 20, NULL, NULL),
(3050, 'Lispeszentadorján', 20, NULL, NULL),
(3051, 'Kiscsehi', 20, NULL, NULL),
(3052, 'Maróc', 20, NULL, NULL),
(3053, 'Bánokszentgyörgy', 20, NULL, NULL),
(3054, 'Várfölde', 20, NULL, NULL),
(3055, 'Szentliszló', 20, NULL, NULL),
(3056, 'Bucsuta', 20, NULL, NULL),
(3057, 'Pusztamagyaród', 20, NULL, NULL),
(3058, 'Pusztaszentlászló', 20, NULL, NULL),
(3059, 'Söjtör', 20, NULL, NULL),
(3060, 'Zalaegerszeg', 20, NULL, NULL),
(3061, 'Nagykutas', 20, NULL, NULL),
(3062, 'Kiskutas', 20, NULL, NULL),
(3063, 'Kispáli', 20, NULL, NULL),
(3064, 'Nagypáli', 20, NULL, NULL),
(3065, 'Egervár', 20, NULL, NULL),
(3066, 'Gősfa', 20, NULL, NULL),
(3067, 'Lakhegy', 20, NULL, NULL),
(3068, 'Vasboldogasszony', 20, NULL, NULL),
(3069, 'Nemesrádó', 20, NULL, NULL),
(3070, 'Milejszeg', 20, NULL, NULL),
(3071, 'Csonkahegyhát', 20, NULL, NULL),
(3072, 'Németfalu', 20, NULL, NULL),
(3073, 'Kustánszeg', 20, NULL, NULL),
(3074, 'Zalaszentiván', 20, NULL, NULL),
(3075, 'Alibánfa', 20, NULL, NULL),
(3076, 'Pethőhenye', 20, NULL, NULL),
(3077, 'Zalaszentlőrinc', 20, NULL, NULL),
(3078, 'Nemesapáti', 20, NULL, NULL),
(3079, 'Alsónemesapáti', 20, NULL, NULL),
(3080, 'Búcsúszentlászló', 20, NULL, NULL),
(3081, 'Nemessándorháza', 20, NULL, NULL),
(3082, 'Nemesszentandrás', 20, NULL, NULL),
(3083, 'Kisbucsa', 20, NULL, NULL),
(3084, 'Nemeshetés', 20, NULL, NULL),
(3085, 'Pölöske', 20, NULL, NULL),
(3086, 'Kemendollár', 20, NULL, NULL),
(3087, 'Vöckönd', 20, NULL, NULL),
(3088, 'Pókaszepetk', 20, NULL, NULL),
(3089, 'Gyűrűs', 20, NULL, NULL),
(3090, 'Zalaistvánd', 20, NULL, NULL),
(3091, 'Bezeréd', 20, NULL, NULL),
(3092, 'Nagykapornak', 20, NULL, NULL),
(3093, 'Almásháza', 20, NULL, NULL),
(3094, 'Misefa', 20, NULL, NULL),
(3095, 'Orbányosfa', 20, NULL, NULL),
(3096, 'Padár', 20, NULL, NULL),
(3097, 'Zalaszentmihály', 20, NULL, NULL),
(3098, 'Bocfölde', 20, NULL, NULL),
(3099, 'Csatár', 20, NULL, NULL),
(3100, 'Sárhida', 20, NULL, NULL),
(3101, 'Bak', 20, NULL, NULL),
(3102, 'Tófej', 20, NULL, NULL),
(3103, 'Baktüttös', 20, NULL, NULL),
(3104, 'Pusztaederics', 20, NULL, NULL),
(3105, 'Zalatárnok', 20, NULL, NULL),
(3106, 'Szentkozmadombja', 20, NULL, NULL),
(3107, 'Nova', 20, NULL, NULL),
(3108, 'Barlahida', 20, NULL, NULL),
(3109, 'Mikekarácsonyfa', 20, NULL, NULL),
(3110, 'Gutorfölde', 20, NULL, NULL),
(3111, 'Csertalakos', 20, NULL, NULL),
(3112, 'Szentpéterfölde', 20, NULL, NULL),
(3113, 'Ortaháza', 20, NULL, NULL),
(3114, 'Páka', 20, NULL, NULL),
(3115, 'Kányavár', 20, NULL, NULL),
(3116, 'Pördefölde', 20, NULL, NULL),
(3117, 'Csömödér', 20, NULL, NULL),
(3118, 'Hernyék', 20, NULL, NULL),
(3119, 'Kissziget', 20, NULL, NULL),
(3120, 'Zebecke', 20, NULL, NULL),
(3121, 'Iklódbördőce', 20, NULL, NULL),
(3122, 'Lenti', 20, NULL, NULL),
(3123, 'Gosztola', 20, NULL, NULL),
(3124, 'Gáborjánháza', 20, NULL, NULL),
(3125, 'Bödeháza', 20, NULL, NULL),
(3126, 'Szijártóháza', 20, NULL, NULL),
(3127, 'Zalaszombatfa', 20, NULL, NULL),
(3128, 'Zalabaksa', 20, NULL, NULL),
(3129, 'Kerkabarabás', 20, NULL, NULL),
(3130, 'Csesztreg', 20, NULL, NULL),
(3131, 'Alsószenterzsébet', 20, NULL, NULL),
(3132, 'Felsőszenterzsébet', 20, NULL, NULL),
(3133, 'Kerkafalva', 20, NULL, NULL),
(3134, 'Kerkakutas', 20, NULL, NULL),
(3135, 'Magyarföld', 20, NULL, NULL),
(3136, 'Ramocsa', 20, NULL, NULL),
(3137, 'Szentgyörgyvölgy', 20, NULL, NULL),
(3138, 'Nemesnép', 20, NULL, NULL),
(3139, 'Márokföld', 20, NULL, NULL),
(3140, 'Resznek', 20, NULL, NULL),
(3141, 'Baglad', 20, NULL, NULL),
(3142, 'Lendvajakabfa', 20, NULL, NULL),
(3143, 'Rédics', 20, NULL, NULL),
(3144, 'Belsősárd', 20, NULL, NULL),
(3145, 'Külsősárd', 20, NULL, NULL),
(3146, 'Lendvadedes', 20, NULL, NULL),
(3147, 'Gellénháza', 20, NULL, NULL),
(3148, 'Lickóvadamos', 20, NULL, NULL),
(3149, 'Nagylengyel', 20, NULL, NULL),
(3150, 'Babosdöbréte', 20, NULL, NULL),
(3151, 'Ormándlak', 20, NULL, NULL),
(3152, 'Petrikeresztúr', 20, NULL, NULL),
(3153, 'Gombosszeg', 20, NULL, NULL),
(3154, 'Iborfia', 20, NULL, NULL),
(3155, 'Becsvölgye', 20, NULL, NULL),
(3156, 'Pórszombat', 20, NULL, NULL),
(3157, 'Pusztaapáti', 20, NULL, NULL),
(3158, 'Szilvágy', 20, NULL, NULL),
(3159, 'Kálócfa', 20, NULL, NULL),
(3160, 'Kozmadombja', 20, NULL, NULL),
(3161, 'Dobronhegy', 20, NULL, NULL),
(3162, 'Pálfiszeg', 20, NULL, NULL),
(3163, 'Teskánd', 20, NULL, NULL),
(3164, 'Böde', 20, NULL, NULL),
(3165, 'Hottó', 20, NULL, NULL),
(3166, 'Bagod', 20, NULL, NULL),
(3167, 'Boncodfölde', 20, NULL, NULL),
(3168, 'Hagyárosbörönd', 20, NULL, NULL),
(3169, 'Zalaboldogfa', 20, NULL, NULL),
(3170, 'Zalaszentgyörgy', 20, NULL, NULL),
(3171, 'Kávás', 20, NULL, NULL),
(3172, 'Salomvár', 20, NULL, NULL),
(3173, 'Keménfa', 20, NULL, NULL),
(3174, 'Zalacséb', 20, NULL, NULL),
(3175, 'Zalaháshágy', 20, NULL, NULL),
(3176, 'Vaspör', 20, NULL, NULL),
(3177, 'Ozmánbük', 20, NULL, NULL),
(3178, 'Zalalövő', 20, NULL, NULL),
(3179, 'Csöde', 20, NULL, NULL);

-- --------------------------------------------------------

--
-- Tábla szerkezet ehhez a táblához `users`
--

CREATE TABLE `users` (
  `id` bigint(20) UNSIGNED NOT NULL,
  `name` varchar(255) NOT NULL,
  `email` varchar(255) NOT NULL,
  `email_verified_at` timestamp NULL DEFAULT NULL,
  `password` varchar(255) NOT NULL,
  `user_group_id` bigint(20) UNSIGNED NOT NULL,
  `remember_token` varchar(100) DEFAULT NULL,
  `created_at` timestamp NULL DEFAULT NULL,
  `updated_at` timestamp NULL DEFAULT NULL
) ENGINE=InnoDB DEFAULT CHARSET=utf8mb4;

--
-- A tábla adatainak kiíratása `users`
--

INSERT INTO `users` (`id`, `name`, `email`, `email_verified_at`, `password`, `user_group_id`, `remember_token`, `created_at`, `updated_at`) VALUES
(1, 'Tóth - Sági Andrea', 'tothsagiandrea@gmail.com', NULL, '$2y$10$Qg4i0PKyYIJjsm9JLfbHjeZPI.09AROKGTTx9fJy.Lr9RSQfoyyMm', 2, NULL, '2023-04-28 08:20:35', '2023-04-28 08:20:35'),
(2, 'Kasza Imre', 'kaszaimikee@gmail.com', NULL, '$2y$10$n50iNT7CTNNfBpRsjgUuqetLYukrGc0CqYwXuvNknkTHBlPupC1t6', 3, NULL, '2023-04-29 06:02:29', '2023-04-29 06:02:29'),
(3, 'Schád Magdolna', 'szekelyneschadmagdolna@gmail.com', NULL, '$2y$10$d3.YaD86PteBnIC8/LqZv.QVw4P7rsGjy0iAJwSgARyrLqt4IkIii', 2, NULL, '2023-04-30 07:33:33', '2023-04-30 07:33:33'),
(4, 'Kasza Péter', 'kaszapeti@gmail.com', NULL, '$2y$10$.yIwUWbRU9NpRR87myzDI.zS0ZhIOJBfKmJPaWMYWUR3zObWvPuBC', 2, NULL, '2023-04-30 07:35:08', '2023-04-30 07:35:08'),
(5, 'teszt2', 'teszt2@teszt.hu', NULL, '$2y$10$9eGAbI27xpp1LFYpgUz9xegEKdEO7ZvvoOiMuAfYsKEDKpg.ay37y', 2, NULL, '2023-04-30 07:36:16', '2023-04-30 07:36:16'),
(6, 'Teszt', 'teszt1@teszt.hu', NULL, '$2y$10$QIDYyEwRw2IPPVpT3f9LUOsNe/bZcMC9EXlee4zh6xk189gmDHLYG', 2, NULL, '2023-04-30 11:32:20', '2023-04-30 11:32:20'),
(7, 'Sen Ki', 'teszt3@teszt.hu', NULL, '$2y$10$NBF2vNKNr8Oqe.10dn/VFeGoM9kyyIWo7nx1xMx2yUdHkiBKP/0cK', 2, NULL, '2023-05-01 16:42:43', '2023-05-01 16:42:43'),
(8, 'Miklósi László', 'teszt4@teszt.hu', NULL, '$2y$10$bHd5lkRIPrMhqfE3ZOvL/.weASIOXznP8e7qptxp9aCvd1VGCegx6', 2, NULL, '2023-05-01 17:26:50', '2023-05-01 17:26:50'),
(9, 'Teszt5', 'teszt5@teszt.hu', NULL, '$2y$10$wxhVuVJk7VgsROW/E.GjyuMOAZzwnqIdqsQT/LaUbAjqdg.Vb6B6G', 3, NULL, '2023-05-02 08:41:53', '2023-05-02 08:41:53');

-- --------------------------------------------------------

--
-- Tábla szerkezet ehhez a táblához `user_groups`
--

CREATE TABLE `user_groups` (
  `id` bigint(20) UNSIGNED NOT NULL,
  `name` varchar(20) NOT NULL,
  `selectable` tinyint(1) NOT NULL,
  `created_at` timestamp NULL DEFAULT NULL,
  `updated_at` timestamp NULL DEFAULT NULL
) ENGINE=InnoDB DEFAULT CHARSET=utf8mb4;

--
-- A tábla adatainak kiíratása `user_groups`
--

INSERT INTO `user_groups` (`id`, `name`, `selectable`, `created_at`, `updated_at`) VALUES
(1, 'admin', 0, NULL, NULL),
(2, 'tanár', 1, NULL, NULL),
(3, 'diák', 1, NULL, NULL);

--
-- Indexek a kiírt táblákhoz
--

--
-- A tábla indexei `contact_details`
--
ALTER TABLE `contact_details`
  ADD PRIMARY KEY (`id`),
  ADD KEY `contact_details_contact_type_id_foreign` (`contact_type_id`),
  ADD KEY `contact_details_user_id_foreign` (`user_id`);

--
-- A tábla indexei `contact_types`
--
ALTER TABLE `contact_types`
  ADD PRIMARY KEY (`id`);

--
-- A tábla indexei `counties`
--
ALTER TABLE `counties`
  ADD PRIMARY KEY (`id`);

--
-- A tábla indexei `failed_jobs`
--
ALTER TABLE `failed_jobs`
  ADD PRIMARY KEY (`id`),
  ADD UNIQUE KEY `failed_jobs_uuid_unique` (`uuid`);

--
-- A tábla indexei `forum_posts`
--
ALTER TABLE `forum_posts`
  ADD PRIMARY KEY (`id`),
  ADD KEY `forum_posts_topic_id_foreign` (`topic_id`),
  ADD KEY `forum_posts_user_id_foreign` (`user_id`);

--
-- A tábla indexei `forum_topics`
--
ALTER TABLE `forum_topics`
  ADD PRIMARY KEY (`id`),
  ADD KEY `forum_topics_user_id_foreign` (`user_id`);

--
-- A tábla indexei `grades`
--
ALTER TABLE `grades`
  ADD PRIMARY KEY (`id`);

--
-- A tábla indexei `grade_subject`
--
ALTER TABLE `grade_subject`
  ADD PRIMARY KEY (`id`),
  ADD KEY `grade_subject_grade_id_foreign` (`grade_id`),
  ADD KEY `grade_subject_subject_id_foreign` (`subject_id`);

--
-- A tábla indexei `grade_subject_teacher`
--
ALTER TABLE `grade_subject_teacher`
  ADD PRIMARY KEY (`id`),
  ADD KEY `grade_subject_teacher_teacher_id_foreign` (`teacher_id`),
  ADD KEY `grade_subject_teacher_grade_subject_id_foreign` (`grade_subject_id`);

--
-- A tábla indexei `group_permissions`
--
ALTER TABLE `group_permissions`
  ADD PRIMARY KEY (`id`),
  ADD KEY `group_permissions_user_group_id_foreign` (`user_group_id`),
  ADD KEY `group_permissions_permission_id_foreign` (`permission_id`);

--
-- A tábla indexei `lesson_types`
--
ALTER TABLE `lesson_types`
  ADD PRIMARY KEY (`id`);

--
-- A tábla indexei `lesson_type_teacher`
--
ALTER TABLE `lesson_type_teacher`
  ADD PRIMARY KEY (`id`),
  ADD KEY `lesson_type_teacher_teacher_id_foreign` (`teacher_id`),
  ADD KEY `lesson_type_teacher_lesson_type_id_foreign` (`lesson_type_id`);

--
-- A tábla indexei `migrations`
--
ALTER TABLE `migrations`
  ADD PRIMARY KEY (`id`);

--
-- A tábla indexei `password_reset_tokens`
--
ALTER TABLE `password_reset_tokens`
  ADD PRIMARY KEY (`email`);

--
-- A tábla indexei `permissions`
--
ALTER TABLE `permissions`
  ADD PRIMARY KEY (`id`);

--
-- A tábla indexei `personal_access_tokens`
--
ALTER TABLE `personal_access_tokens`
  ADD PRIMARY KEY (`id`),
  ADD UNIQUE KEY `personal_access_tokens_token_unique` (`token`),
  ADD KEY `personal_access_tokens_tokenable_type_tokenable_id_index` (`tokenable_type`,`tokenable_id`);

--
-- A tábla indexei `qualifications`
--
ALTER TABLE `qualifications`
  ADD PRIMARY KEY (`id`);

--
-- A tábla indexei `subjects`
--
ALTER TABLE `subjects`
  ADD PRIMARY KEY (`id`);

--
-- A tábla indexei `teachers`
--
ALTER TABLE `teachers`
  ADD PRIMARY KEY (`id`),
  ADD KEY `teachers_qualification_id_foreign` (`qualification_id`),
  ADD KEY `teachers_user_id_foreign` (`user_id`);

--
-- A tábla indexei `teacher_town`
--
ALTER TABLE `teacher_town`
  ADD PRIMARY KEY (`id`),
  ADD KEY `teacher_town_teacher_id_foreign` (`teacher_id`),
  ADD KEY `teacher_town_town_id_foreign` (`town_id`);

--
-- A tábla indexei `towns`
--
ALTER TABLE `towns`
  ADD PRIMARY KEY (`id`),
  ADD KEY `towns_county_id_foreign` (`county_id`);

--
-- A tábla indexei `users`
--
ALTER TABLE `users`
  ADD PRIMARY KEY (`id`),
  ADD UNIQUE KEY `users_email_unique` (`email`),
  ADD KEY `users_user_group_id_foreign` (`user_group_id`);

--
-- A tábla indexei `user_groups`
--
ALTER TABLE `user_groups`
  ADD PRIMARY KEY (`id`);

--
-- A kiírt táblák AUTO_INCREMENT értéke
--

--
-- AUTO_INCREMENT a táblához `contact_details`
--
ALTER TABLE `contact_details`
  MODIFY `id` bigint(20) UNSIGNED NOT NULL AUTO_INCREMENT;

--
-- AUTO_INCREMENT a táblához `contact_types`
--
ALTER TABLE `contact_types`
  MODIFY `id` bigint(20) UNSIGNED NOT NULL AUTO_INCREMENT, AUTO_INCREMENT=4;

--
-- AUTO_INCREMENT a táblához `counties`
--
ALTER TABLE `counties`
  MODIFY `id` bigint(20) UNSIGNED NOT NULL AUTO_INCREMENT, AUTO_INCREMENT=21;

--
-- AUTO_INCREMENT a táblához `failed_jobs`
--
ALTER TABLE `failed_jobs`
  MODIFY `id` bigint(20) UNSIGNED NOT NULL AUTO_INCREMENT;

--
-- AUTO_INCREMENT a táblához `forum_posts`
--
ALTER TABLE `forum_posts`
  MODIFY `id` bigint(20) UNSIGNED NOT NULL AUTO_INCREMENT, AUTO_INCREMENT=8;

--
-- AUTO_INCREMENT a táblához `forum_topics`
--
ALTER TABLE `forum_topics`
  MODIFY `id` bigint(20) UNSIGNED NOT NULL AUTO_INCREMENT, AUTO_INCREMENT=5;

--
-- AUTO_INCREMENT a táblához `grades`
--
ALTER TABLE `grades`
  MODIFY `id` bigint(20) UNSIGNED NOT NULL AUTO_INCREMENT, AUTO_INCREMENT=10;

--
-- AUTO_INCREMENT a táblához `grade_subject`
--
ALTER TABLE `grade_subject`
  MODIFY `id` bigint(20) UNSIGNED NOT NULL AUTO_INCREMENT, AUTO_INCREMENT=169;

--
-- AUTO_INCREMENT a táblához `grade_subject_teacher`
--
ALTER TABLE `grade_subject_teacher`
  MODIFY `id` bigint(20) UNSIGNED NOT NULL AUTO_INCREMENT, AUTO_INCREMENT=13;

--
-- AUTO_INCREMENT a táblához `group_permissions`
--
ALTER TABLE `group_permissions`
  MODIFY `id` bigint(20) UNSIGNED NOT NULL AUTO_INCREMENT;

--
-- AUTO_INCREMENT a táblához `lesson_types`
--
ALTER TABLE `lesson_types`
  MODIFY `id` bigint(20) UNSIGNED NOT NULL AUTO_INCREMENT, AUTO_INCREMENT=4;

--
-- AUTO_INCREMENT a táblához `lesson_type_teacher`
--
ALTER TABLE `lesson_type_teacher`
  MODIFY `id` bigint(20) UNSIGNED NOT NULL AUTO_INCREMENT, AUTO_INCREMENT=11;

--
-- AUTO_INCREMENT a táblához `migrations`
--
ALTER TABLE `migrations`
  MODIFY `id` int(10) UNSIGNED NOT NULL AUTO_INCREMENT, AUTO_INCREMENT=23;

--
-- AUTO_INCREMENT a táblához `permissions`
--
ALTER TABLE `permissions`
  MODIFY `id` bigint(20) UNSIGNED NOT NULL AUTO_INCREMENT;

--
-- AUTO_INCREMENT a táblához `personal_access_tokens`
--
ALTER TABLE `personal_access_tokens`
  MODIFY `id` bigint(20) UNSIGNED NOT NULL AUTO_INCREMENT;

--
-- AUTO_INCREMENT a táblához `qualifications`
--
ALTER TABLE `qualifications`
  MODIFY `id` bigint(20) UNSIGNED NOT NULL AUTO_INCREMENT, AUTO_INCREMENT=6;

--
-- AUTO_INCREMENT a táblához `subjects`
--
ALTER TABLE `subjects`
  MODIFY `id` bigint(20) UNSIGNED NOT NULL AUTO_INCREMENT, AUTO_INCREMENT=85;

--
-- AUTO_INCREMENT a táblához `teachers`
--
ALTER TABLE `teachers`
  MODIFY `id` bigint(20) UNSIGNED NOT NULL AUTO_INCREMENT, AUTO_INCREMENT=8;

--
-- AUTO_INCREMENT a táblához `teacher_town`
--
ALTER TABLE `teacher_town`
  MODIFY `id` bigint(20) UNSIGNED NOT NULL AUTO_INCREMENT, AUTO_INCREMENT=30;

--
-- AUTO_INCREMENT a táblához `towns`
--
ALTER TABLE `towns`
  MODIFY `id` bigint(20) UNSIGNED NOT NULL AUTO_INCREMENT, AUTO_INCREMENT=3180;

--
-- AUTO_INCREMENT a táblához `users`
--
ALTER TABLE `users`
  MODIFY `id` bigint(20) UNSIGNED NOT NULL AUTO_INCREMENT, AUTO_INCREMENT=10;

--
-- AUTO_INCREMENT a táblához `user_groups`
--
ALTER TABLE `user_groups`
  MODIFY `id` bigint(20) UNSIGNED NOT NULL AUTO_INCREMENT, AUTO_INCREMENT=4;

--
-- Megkötések a kiírt táblákhoz
--

--
-- Megkötések a táblához `contact_details`
--
ALTER TABLE `contact_details`
  ADD CONSTRAINT `contact_details_contact_type_id_foreign` FOREIGN KEY (`contact_type_id`) REFERENCES `contact_types` (`id`) ON DELETE CASCADE ON UPDATE CASCADE,
  ADD CONSTRAINT `contact_details_user_id_foreign` FOREIGN KEY (`user_id`) REFERENCES `users` (`id`) ON DELETE CASCADE ON UPDATE CASCADE;

--
-- Megkötések a táblához `forum_posts`
--
ALTER TABLE `forum_posts`
  ADD CONSTRAINT `forum_posts_topic_id_foreign` FOREIGN KEY (`topic_id`) REFERENCES `forum_topics` (`id`) ON DELETE CASCADE ON UPDATE CASCADE,
  ADD CONSTRAINT `forum_posts_user_id_foreign` FOREIGN KEY (`user_id`) REFERENCES `users` (`id`) ON DELETE CASCADE ON UPDATE CASCADE;

--
-- Megkötések a táblához `forum_topics`
--
ALTER TABLE `forum_topics`
  ADD CONSTRAINT `forum_topics_user_id_foreign` FOREIGN KEY (`user_id`) REFERENCES `users` (`id`) ON DELETE CASCADE ON UPDATE CASCADE;

--
-- Megkötések a táblához `grade_subject`
--
ALTER TABLE `grade_subject`
  ADD CONSTRAINT `grade_subject_grade_id_foreign` FOREIGN KEY (`grade_id`) REFERENCES `grades` (`id`) ON DELETE CASCADE ON UPDATE CASCADE,
  ADD CONSTRAINT `grade_subject_subject_id_foreign` FOREIGN KEY (`subject_id`) REFERENCES `subjects` (`id`) ON DELETE CASCADE ON UPDATE CASCADE;

--
-- Megkötések a táblához `grade_subject_teacher`
--
ALTER TABLE `grade_subject_teacher`
  ADD CONSTRAINT `grade_subject_teacher_grade_subject_id_foreign` FOREIGN KEY (`grade_subject_id`) REFERENCES `grade_subject` (`id`) ON DELETE CASCADE ON UPDATE CASCADE,
  ADD CONSTRAINT `grade_subject_teacher_teacher_id_foreign` FOREIGN KEY (`teacher_id`) REFERENCES `teachers` (`id`) ON DELETE CASCADE ON UPDATE CASCADE;

--
-- Megkötések a táblához `group_permissions`
--
ALTER TABLE `group_permissions`
  ADD CONSTRAINT `group_permissions_permission_id_foreign` FOREIGN KEY (`permission_id`) REFERENCES `permissions` (`id`) ON DELETE CASCADE ON UPDATE CASCADE,
  ADD CONSTRAINT `group_permissions_user_group_id_foreign` FOREIGN KEY (`user_group_id`) REFERENCES `user_groups` (`id`) ON DELETE CASCADE ON UPDATE CASCADE;

--
-- Megkötések a táblához `lesson_type_teacher`
--
ALTER TABLE `lesson_type_teacher`
  ADD CONSTRAINT `lesson_type_teacher_lesson_type_id_foreign` FOREIGN KEY (`lesson_type_id`) REFERENCES `lesson_types` (`id`) ON DELETE CASCADE ON UPDATE CASCADE,
  ADD CONSTRAINT `lesson_type_teacher_teacher_id_foreign` FOREIGN KEY (`teacher_id`) REFERENCES `teachers` (`id`) ON DELETE CASCADE ON UPDATE CASCADE;

--
-- Megkötések a táblához `teachers`
--
ALTER TABLE `teachers`
  ADD CONSTRAINT `teachers_qualification_id_foreign` FOREIGN KEY (`qualification_id`) REFERENCES `qualifications` (`id`) ON DELETE CASCADE ON UPDATE CASCADE,
  ADD CONSTRAINT `teachers_user_id_foreign` FOREIGN KEY (`user_id`) REFERENCES `users` (`id`) ON DELETE CASCADE ON UPDATE CASCADE;

--
-- Megkötések a táblához `teacher_town`
--
ALTER TABLE `teacher_town`
  ADD CONSTRAINT `teacher_town_teacher_id_foreign` FOREIGN KEY (`teacher_id`) REFERENCES `teachers` (`id`) ON DELETE CASCADE ON UPDATE CASCADE,
  ADD CONSTRAINT `teacher_town_town_id_foreign` FOREIGN KEY (`town_id`) REFERENCES `towns` (`id`) ON DELETE CASCADE ON UPDATE CASCADE;

--
-- Megkötések a táblához `towns`
--
ALTER TABLE `towns`
  ADD CONSTRAINT `towns_county_id_foreign` FOREIGN KEY (`county_id`) REFERENCES `counties` (`id`) ON DELETE CASCADE ON UPDATE CASCADE;

--
-- Megkötések a táblához `users`
--
ALTER TABLE `users`
  ADD CONSTRAINT `users_user_group_id_foreign` FOREIGN KEY (`user_group_id`) REFERENCES `user_groups` (`id`) ON DELETE CASCADE ON UPDATE CASCADE;
COMMIT;

/*!40101 SET CHARACTER_SET_CLIENT=@OLD_CHARACTER_SET_CLIENT */;
/*!40101 SET CHARACTER_SET_RESULTS=@OLD_CHARACTER_SET_RESULTS */;
/*!40101 SET COLLATION_CONNECTION=@OLD_COLLATION_CONNECTION */;
